symbol,ts_utc,regime_label,matched_policy_key,matched_alias,confidence_score,confidence_bucket,confidence_fallback_reason,fallback_policy_applied,policy_reason,signal_scale,allocation_scale,alpha_weight_multiplier,volatility_target,gross_exposure_cap,max_component_weight,rebalance_enabled,optimizer_override,allocation_rule_override,calibration_profile,is_unstable_profile,eligible_for_downstream_decisioning,policy_source,baseline_weight,adaptive_weight,baseline_return,adaptive_return,baseline_equity,adaptive_equity
,2025-01-02T05:00:00Z,volatility=undefined|trend=undefined|drawdown_recovery=undefined|stress=undefined,default,,,,,baseline,policy_source=default;undefined_regime_fallback,1.0,1.0,1.0,0.1,1.0,1.0,True,,,baseline,False,True,default,,,0.0,0.0,1.0,1.0
,2025-01-03T05:00:00Z,volatility=undefined|trend=undefined|drawdown_recovery=undefined|stress=undefined,default,,,,,baseline,policy_source=default;undefined_regime_fallback,1.0,1.0,1.0,0.1,1.0,1.0,True,,,baseline,False,True,default,,,0.0,0.0,1.0,1.0
,2025-01-06T05:00:00Z,volatility=undefined|trend=undefined|drawdown_recovery=undefined|stress=undefined,default,,,,,baseline,policy_source=default;undefined_regime_fallback,1.0,1.0,1.0,0.1,1.0,1.0,True,,,baseline,False,True,default,,,0.0,0.0,1.0,1.0
,2025-01-07T05:00:00Z,volatility=undefined|trend=undefined|drawdown_recovery=undefined|stress=undefined,default,,,,,baseline,policy_source=default;undefined_regime_fallback,1.0,1.0,1.0,0.1,1.0,1.0,True,,,baseline,False,True,default,,,0.0,0.0,1.0,1.0
,2025-01-08T05:00:00Z,volatility=undefined|trend=undefined|drawdown_recovery=undefined|stress=undefined,default,,,,,baseline,policy_source=default;undefined_regime_fallback,1.0,1.0,1.0,0.1,1.0,1.0,True,,,baseline,False,True,default,,,0.0,0.0,1.0,1.0
,2025-01-10T05:00:00Z,volatility=undefined|trend=undefined|drawdown_recovery=undefined|stress=undefined,default,,,,,baseline,policy_source=default;undefined_regime_fallback,1.0,1.0,1.0,0.1,1.0,1.0,True,,,baseline,False,True,default,,,0.0,0.0,1.0,1.0
,2025-01-13T05:00:00Z,volatility=undefined|trend=undefined|drawdown_recovery=undefined|stress=undefined,default,,,,,baseline,policy_source=default;undefined_regime_fallback,1.0,1.0,1.0,0.1,1.0,1.0,True,,,baseline,False,True,default,,,0.0,0.0,1.0,1.0
,2025-01-14T05:00:00Z,volatility=undefined|trend=undefined|drawdown_recovery=undefined|stress=undefined,default,,,,,baseline,policy_source=default;undefined_regime_fallback,1.0,1.0,1.0,0.1,1.0,1.0,True,,,baseline,False,True,default,,,0.0,0.0,1.0,1.0
,2025-01-15T05:00:00Z,volatility=undefined|trend=undefined|drawdown_recovery=undefined|stress=undefined,default,,,,,baseline,policy_source=default;undefined_regime_fallback,1.0,1.0,1.0,0.1,1.0,1.0,True,,,baseline,False,True,default,,,0.0,0.0,1.0,1.0
,2025-01-16T05:00:00Z,volatility=undefined|trend=undefined|drawdown_recovery=undefined|stress=undefined,default,,,,,baseline,policy_source=default;undefined_regime_fallback,1.0,1.0,1.0,0.1,1.0,1.0,True,,,baseline,False,True,default,,,0.0,0.0,1.0,1.0
,2025-01-17T05:00:00Z,volatility=undefined|trend=undefined|drawdown_recovery=undefined|stress=undefined,default,,,,,baseline,policy_source=default;undefined_regime_fallback,1.0,1.0,1.0,0.1,1.0,1.0,True,,,baseline,False,True,default,,,0.0,0.0,1.0,1.0
,2025-01-21T05:00:00Z,volatility=undefined|trend=undefined|drawdown_recovery=undefined|stress=undefined,default,,,,,baseline,policy_source=default;undefined_regime_fallback,1.0,1.0,1.0,0.1,1.0,1.0,True,,,baseline,False,True,default,,,0.0,0.0,1.0,1.0
,2025-01-22T05:00:00Z,volatility=undefined|trend=undefined|drawdown_recovery=undefined|stress=undefined,default,,,,,baseline,policy_source=default;undefined_regime_fallback,1.0,1.0,1.0,0.1,1.0,1.0,True,,,baseline,False,True,default,,,0.0,0.0,1.0,1.0
,2025-01-23T05:00:00Z,volatility=undefined|trend=undefined|drawdown_recovery=undefined|stress=undefined,default,,,,,baseline,policy_source=default;undefined_regime_fallback,1.0,1.0,1.0,0.1,1.0,1.0,True,,,baseline,False,True,default,,,0.0,0.0,1.0,1.0
,2025-01-24T05:00:00Z,volatility=undefined|trend=undefined|drawdown_recovery=undefined|stress=undefined,default,,,,,baseline,policy_source=default;undefined_regime_fallback,1.0,1.0,1.0,0.1,1.0,1.0,True,,,baseline,False,True,default,,,0.0,0.0,1.0,1.0
,2025-01-27T05:00:00Z,volatility=undefined|trend=undefined|drawdown_recovery=undefined|stress=undefined,default,,,,,baseline,policy_source=default;undefined_regime_fallback,1.0,1.0,1.0,0.1,1.0,1.0,True,,,baseline,False,True,default,,,0.0,0.0,1.0,1.0
,2025-01-28T05:00:00Z,volatility=undefined|trend=undefined|drawdown_recovery=undefined|stress=undefined,default,,,,,baseline,policy_source=default;undefined_regime_fallback,1.0,1.0,1.0,0.1,1.0,1.0,True,,,baseline,False,True,default,,,0.0,0.0,1.0,1.0
,2025-01-29T05:00:00Z,volatility=undefined|trend=undefined|drawdown_recovery=undefined|stress=undefined,default,,,,,baseline,policy_source=default;undefined_regime_fallback,1.0,1.0,1.0,0.1,1.0,1.0,True,,,baseline,False,True,default,,,0.0,0.0,1.0,1.0
,2025-01-30T05:00:00Z,volatility=undefined|trend=undefined|drawdown_recovery=undefined|stress=undefined,default,,,,,baseline,policy_source=default;undefined_regime_fallback,1.0,1.0,1.0,0.1,1.0,1.0,True,,,baseline,False,True,default,,,0.0,0.0,1.0,1.0
,2025-01-31T05:00:00Z,volatility=undefined|trend=undefined|drawdown_recovery=undefined|stress=undefined,default,,,,,baseline,policy_source=default;undefined_regime_fallback,1.0,1.0,1.0,0.1,1.0,1.0,True,,,baseline,False,True,default,,,0.0,0.0,1.0,1.0
,2025-02-03T05:00:00Z,volatility=undefined|trend=undefined|drawdown_recovery=undefined|stress=undefined,default,,0.9999999999999978,high,,baseline,policy_source=default;undefined_regime_fallback,1.0,1.0,1.0,0.1,1.0,1.0,True,,,baseline,False,True,default,,,0.00214547590932,0.00214547590932,1.00214547590932,1.00214547590932
,2025-02-04T05:00:00Z,volatility=undefined|trend=undefined|drawdown_recovery=undefined|stress=undefined,default,,0.9999999999807901,high,,baseline,policy_source=default;undefined_regime_fallback,1.0,1.0,1.0,0.1,1.0,1.0,True,,,baseline,False,True,default,,,0.0006928601749581,0.0006928601749581,1.002839822599092,1.002839822599092
,2025-02-05T05:00:00Z,volatility=normal_volatility|trend=uptrend|drawdown_recovery=near_peak|stress=normal_stress,risk_on,risk_on,0.9999999999187356,high,,,policy_source=alias,1.05,1.05,1.0,0.11,1.0,1.0,True,equal_weight,,baseline,False,True,alias,,,-0.0005134000545014,-0.0005390700572264701,1.0023249645795134,1.0022992216785345
,2025-02-06T05:00:00Z,volatility=normal_volatility|trend=uptrend|drawdown_recovery=near_peak|stress=normal_stress,risk_on,risk_on,0.9999999999559279,high,,,policy_source=alias,1.05,1.05,1.0,0.11,1.0,1.0,True,equal_weight,,baseline,False,True,alias,,,-0.0013924263021347,-0.0014620476172414352,1.0009293009355467,1.0008338124897165
,2025-02-07T05:00:00Z,volatility=normal_volatility|trend=uptrend|drawdown_recovery=near_peak|stress=normal_stress,risk_on,risk_on,0.9999999964157638,high,,,policy_source=alias,1.05,1.05,1.0,0.11,1.0,1.0,True,equal_weight,,baseline,False,True,alias,,,0.0014066255965125,0.001476956876338125,1.0023372337105418,1.002312000871145
,2025-02-10T05:00:00Z,volatility=normal_volatility|trend=uptrend|drawdown_recovery=near_peak|stress=normal_stress,risk_on,risk_on,0.9999999999999998,high,,,policy_source=alias,1.05,1.05,1.0,0.11,1.0,1.0,True,equal_weight,,baseline,False,True,alias,,,0.0006811902445559,0.000715249756783695,1.0030200160559006,1.0030289042859895
,2025-02-11T05:00:00Z,volatility=low_volatility|trend=uptrend|drawdown_recovery=near_peak|stress=normal_stress,risk_on,risk_on,0.9999999999999911,high,,,policy_source=alias,1.05,1.05,1.0,0.11,1.0,1.0,True,equal_weight,,baseline,False,True,alias,,,0.0007572225313388,0.00079508365790574,1.0037795254114419,1.0038263961761944
,2025-02-12T05:00:00Z,volatility=low_volatility|trend=uptrend|drawdown_recovery=near_peak|stress=normal_stress,risk_on,risk_on,0.9999999999999905,high,,,policy_source=alias,1.05,1.05,1.0,0.11,1.0,1.0,True,equal_weight,,baseline,False,True,alias,,,-0.0005565219908793,-0.000584348090423265,1.003220900031556,1.0032398121384722
,2025-02-13T05:00:00Z,volatility=low_volatility|trend=uptrend|drawdown_recovery=near_peak|stress=normal_stress,risk_on,risk_on,0.9999999999999922,high,,,policy_source=alias,1.05,1.05,1.0,0.11,1.0,1.0,True,equal_weight,,baseline,False,True,alias,,,-0.0010297288597558,-0.00108121530274359,1.0021878545180833,1.0021550939012664
,2025-02-14T05:00:00Z,volatility=low_volatility|trend=uptrend|drawdown_recovery=near_peak|stress=normal_stress,risk_on,risk_on,0.9999999999999984,high,,,policy_source=alias,1.05,1.05,1.0,0.11,1.0,1.0,True,equal_weight,,baseline,False,True,alias,,,-0.0001442761926112,-0.00015149000224176,1.0020432626701523,1.0020032774238448
,2025-02-18T05:00:00Z,volatility=low_volatility|trend=uptrend|drawdown_recovery=near_peak|stress=normal_stress,risk_on,risk_on,0.9999999999999993,high,,,policy_source=alias,1.05,1.05,1.0,0.11,1.0,1.0,True,equal_weight,,baseline,False,True,alias,,,0.0011960808006177,0.001255884840648585,1.0032417873780204,1.0032616781502415
,2025-02-19T05:00:00Z,volatility=low_volatility|trend=uptrend|drawdown_recovery=near_peak|stress=normal_stress,risk_on,risk_on,0.9999999999999964,high,,,policy_source=alias,1.05,1.05,1.0,0.11,1.0,1.0,True,equal_weight,,baseline,False,True,alias,,,0.0015468586907872,0.00162420162532656,1.004793660655787,1.004891177398521
,2025-02-20T05:00:00Z,volatility=low_volatility|trend=sideways|drawdown_recovery=near_peak|stress=normal_stress,default,,0.9999999999999951,high,,,policy_source=default,1.0,1.0,1.0,0.1,1.0,1.0,True,,,baseline,False,True,default,,,0.0017800718571351,0.0017800718571351,1.006582265573348,1.0066799559028914
,2025-02-21T05:00:00Z,volatility=low_volatility|trend=sideways|drawdown_recovery=near_peak|stress=normal_stress,default,,0.9999999993515422,high,,,policy_source=default,1.0,1.0,1.0,0.1,1.0,1.0,True,,,baseline,False,True,default,,,-0.0009606027082185,-0.0009606027082185,1.0056153399229937,1.0057129364109418
,2025-02-24T05:00:00Z,volatility=low_volatility|trend=sideways|drawdown_recovery=near_peak|stress=normal_stress,default,,0.9999999991925007,high,,,policy_source=default,1.0,1.0,1.0,0.1,1.0,1.0,True,,,baseline,False,True,default,,,0.0005114799344766,0.0005114799344766,1.0061296919911662,1.0062273383977596
,2025-02-25T05:00:00Z,volatility=low_volatility|trend=sideways|drawdown_recovery=near_peak|stress=normal_stress,default,,0.9999999913305035,high,,,policy_source=default,1.0,1.0,1.0,0.1,1.0,1.0,True,,,baseline,False,True,default,,,0.0005899241324318,0.0005899241324318,1.006723232176828,1.006820936187393
,2025-02-26T05:00:00Z,volatility=low_volatility|trend=sideways|drawdown_recovery=underwater|stress=normal_stress,default,,0.9999999941574649,high,,,policy_source=default,1.0,1.0,1.0,0.1,1.0,1.0,True,,,baseline,False,True,default,,,0.0004822862327439,0.0004822862327439,1.0072087609318903,1.0073065120637543
,2025-02-27T05:00:00Z,volatility=low_volatility|trend=sideways|drawdown_recovery=underwater|stress=normal_stress,default,,0.9999999345157778,high,,,policy_source=default,1.0,1.0,1.0,0.1,1.0,1.0,True,,,baseline,False,True,default,,,0.0012588446729435,0.0012588446729435,1.0084766803151315,1.0085745545004872
,2025-02-28T05:00:00Z,volatility=low_volatility|trend=sideways|drawdown_recovery=underwater|stress=normal_stress,default,,0.9993002722220109,high,,,policy_source=default,1.0,1.0,1.0,0.1,1.0,1.0,True,,,baseline,False,True,default,,,-0.001222503691829,-0.001222503691829,1.0072438138503228,1.0073415683841256
,2025-03-03T05:00:00Z,volatility=low_volatility|trend=sideways|drawdown_recovery=underwater|stress=normal_stress,default,,0.7541013939593669,high,,,policy_source=default,1.0,1.0,1.0,0.1,1.0,1.0,True,,,baseline,False,True,default,,,-0.0041952133757548,-0.0041952133757548,1.0030182111298116,1.0031155555624867
,2025-03-04T05:00:00Z,volatility=normal_volatility|trend=downtrend|drawdown_recovery=underwater|stress=normal_stress,default,,0.9999803367424182,high,,,policy_source=default,1.0,1.0,1.0,0.1,1.0,1.0,True,,,baseline,False,True,default,,,-0.003099791057132,-0.003099791057132,0.9999090642488109,1.000006106934084
,2025-03-05T05:00:00Z,volatility=normal_volatility|trend=downtrend|drawdown_recovery=underwater|stress=normal_stress,default,,0.9987469465963694,high,,,policy_source=default,1.0,1.0,1.0,0.1,1.0,1.0,True,,,baseline,False,True,default,,,0.0004279615153557,0.0004279615153557,1.0003369868471648,1.0004340710629724
,2025-03-06T05:00:00Z,volatility=normal_volatility|trend=downtrend|drawdown_recovery=underwater|stress=normal_stress,default,,0.9999993993910979,high,,,policy_source=default,1.0,1.0,1.0,0.1,1.0,1.0,True,,,baseline,False,True,default,,,-0.0040413027307738,-0.0040413027307738,0.9962943222505253,0.9963910141196265
,2025-03-07T05:00:00Z,volatility=normal_volatility|trend=downtrend|drawdown_recovery=underwater|stress=normal_stress,default,,0.9999949719421328,high,,,policy_source=default,1.0,1.0,1.0,0.1,1.0,1.0,True,,,baseline,False,True,default,,,-0.0002090807573125,-0.0002090807573125,0.996086016279123,0.996182687931815
,2025-03-10T04:00:00Z,volatility=normal_volatility|trend=downtrend|drawdown_recovery=underwater|stress=normal_stress,default,,0.9999999999838645,high,,,policy_source=default,1.0,1.0,1.0,0.1,1.0,1.0,True,,,baseline,False,True,default,,,-0.003167053622837,-0.003167053622837,0.9929313584526089,0.993027723940993
,2025-03-11T04:00:00Z,volatility=normal_volatility|trend=downtrend|drawdown_recovery=underwater|stress=normal_stress,default,,0.9999999996888191,high,,,policy_source=default,1.0,1.0,1.0,0.1,1.0,1.0,True,,,baseline,False,True,default,,,0.0018933948030626,0.0018933948030626,0.994811369526501,0.9949079174728
,2025-03-12T04:00:00Z,volatility=high_volatility|trend=downtrend|drawdown_recovery=recovery|stress=normal_stress,default,,0.9999998816125307,high,,,policy_source=default,1.0,1.0,1.0,0.1,1.0,1.0,True,,,baseline,False,True,default,,,0.0018260761557076,0.0018260761557076,0.9966279708478202,0.9967246950980219
,2025-03-13T04:00:00Z,volatility=high_volatility|trend=downtrend|drawdown_recovery=recovery|stress=normal_stress,default,,0.9999999999981881,high,,,policy_source=default,1.0,1.0,1.0,0.1,1.0,1.0,True,,,baseline,False,True,default,,,8.03634596978995e-05,8.03634596978995e-05,0.9967080633195893,0.9968047953428864
,2025-03-14T04:00:00Z,volatility=high_volatility|trend=downtrend|drawdown_recovery=recovery|stress=normal_stress,default,,0.999999996208321,high,,,policy_source=default,1.0,1.0,1.0,0.1,1.0,1.0,True,,,baseline,False,True,default,,,0.0060043198650721,0.0060043198650721,1.0026926173438566,1.0027899301771628
,2025-03-17T04:00:00Z,volatility=high_volatility|trend=downtrend|drawdown_recovery=recovery|stress=dispersion_stress,default,,0.9999998334261423,high,,,policy_source=default,1.0,1.0,1.0,0.1,1.0,1.0,True,,,baseline,False,True,default,,,0.002754335480053,0.002754335480053,1.005454369195394,1.0055519500608896
,2025-03-18T04:00:00Z,volatility=high_volatility|trend=downtrend|drawdown_recovery=recovery|stress=dispersion_stress,default,,0.9999999955769421,high,,,policy_source=default,1.0,1.0,1.0,0.1,1.0,1.0,True,,,baseline,False,True,default,,,-0.0043665307303036,-0.0043665307303036,1.0010640217943845,1.0011611765700321
,2025-03-19T04:00:00Z,volatility=high_volatility|trend=downtrend|drawdown_recovery=recovery|stress=dispersion_stress,default,,0.9999959239868794,high,,,policy_source=default,1.0,1.0,1.0,0.1,1.0,1.0,True,,,baseline,False,True,default,,,0.0070435328568043,0.0070435328568043,1.008115049123658,1.0082128882121602
,2025-03-20T04:00:00Z,volatility=high_volatility|trend=downtrend|drawdown_recovery=recovery|stress=dispersion_stress,default,,0.9999985916875405,high,,,policy_source=default,1.0,1.0,1.0,0.1,1.0,1.0,True,,,baseline,False,True,default,,,-0.0014216134732261,-0.0014216134732261,1.0066818991872617,1.0067795991863975
,2025-03-21T04:00:00Z,volatility=high_volatility|trend=downtrend|drawdown_recovery=recovery|stress=dispersion_stress,default,,0.9999954135115875,high,,,policy_source=default,1.0,1.0,1.0,0.1,1.0,1.0,True,,,baseline,False,True,default,,,0.0008734830565315,0.0008734830565315,1.0075612187695189,1.0076590041079485
,2025-03-24T04:00:00Z,volatility=high_volatility|trend=downtrend|drawdown_recovery=recovery|stress=dispersion_stress,default,,0.9988392107210309,high,,,policy_source=default,1.0,1.0,1.0,0.1,1.0,1.0,True,,,baseline,False,True,default,,,0.0070976168153368,0.0070976168153368,1.0147125022183385,1.0148109815996305
,2025-03-25T04:00:00Z,volatility=high_volatility|trend=downtrend|drawdown_recovery=recovery|stress=dispersion_stress,default,,0.9969417129002571,high,,,policy_source=default,1.0,1.0,1.0,0.1,1.0,1.0,True,,,baseline,False,True,default,,,0.0017754857963374,0.0017754857963374,1.0165141098533932,1.016612764083428
,2025-03-26T04:00:00Z,volatility=high_volatility|trend=downtrend|drawdown_recovery=recovery|stress=dispersion_stress,default,,0.9999933727035986,high,,,policy_source=default,1.0,1.0,1.0,0.1,1.0,1.0,True,,,baseline,False,True,default,,,-0.0025333675860173,-0.0025333675860173,1.0139389059567614,1.0140373102593676
,2025-03-27T04:00:00Z,volatility=high_volatility|trend=downtrend|drawdown_recovery=recovery|stress=dispersion_stress,default,,0.9999997877186945,high,,,policy_source=default,1.0,1.0,1.0,0.1,1.0,1.0,True,,,baseline,False,True,default,,,-0.000950599512187,-0.000950599512187,1.0129750561273714,1.0130733668868956
,2025-03-28T04:00:00Z,volatility=high_volatility|trend=downtrend|drawdown_recovery=recovery|stress=dispersion_stress,default,,0.9999999999253482,high,,,policy_source=default,1.0,1.0,1.0,0.1,1.0,1.0,True,,,baseline,False,True,default,,,-0.0061964821249576,-0.0061964821249576,1.0066981742990502,1.0067958758777105
,2025-03-31T04:00:00Z,volatility=high_volatility|trend=downtrend|drawdown_recovery=recovery|stress=dispersion_stress,default,,0.9999999996983071,high,,,policy_source=default,1.0,1.0,1.0,0.1,1.0,1.0,True,,,baseline,False,True,default,,,0.0014149404693308,0.0014149404693308,1.0081225922862673,1.0082204321068453
,2025-04-01T04:00:00Z,volatility=high_volatility|trend=downtrend|drawdown_recovery=recovery|stress=dispersion_stress,default,,0.9999999999257572,high,,,policy_source=default,1.0,1.0,1.0,0.1,1.0,1.0,True,,,baseline,False,True,default,,,-0.0008015445583671,-0.0008015445583671,1.0073145371082532,1.0074122985058556
,2025-04-02T04:00:00Z,volatility=high_volatility|trend=downtrend|drawdown_recovery=recovery|stress=dispersion_stress,default,,0.9999999978804635,high,,,policy_source=default,1.0,1.0,1.0,0.1,1.0,1.0,True,,,baseline,False,True,default,,,-0.0010144247027092,-0.0010144247027092,1.0062926923584126,1.0063903545844382
,2025-04-03T04:00:00Z,volatility=high_volatility|trend=downtrend|drawdown_recovery=recovery|stress=dispersion_stress,default,,0.9999999999999791,high,,,policy_source=default,1.0,1.0,1.0,0.1,1.0,1.0,True,,,baseline,False,True,default,,,0.0097807357977423,0.0097807357977423,1.0161349753175688,1.0162335927520245
,2025-04-04T04:00:00Z,volatility=high_volatility|trend=downtrend|drawdown_recovery=drawdown|stress=normal_stress,drawdown_watch,drawdown_watch,1.0,high,,,policy_source=alias,0.85,0.85,1.0,0.08,0.85,0.85,True,equal_weight,,baseline,False,True,alias,,,0.0031856282289645,0.002707783994619825,1.0193720035793785,1.0189853338092736
,2025-04-07T04:00:00Z,volatility=high_volatility|trend=downtrend|drawdown_recovery=drawdown|stress=normal_stress,drawdown_watch,drawdown_watch,1.0,high,,,policy_source=alias,0.85,0.85,1.0,0.08,0.85,0.85,True,equal_weight,,baseline,False,True,alias,,,-6.855152610564996e-05,-5.8268797189802464e-05,1.0193021240728637,1.0189259587595185
,2025-04-08T04:00:00Z,volatility=high_volatility|trend=downtrend|drawdown_recovery=drawdown|stress=normal_stress,drawdown_watch,drawdown_watch,1.0,high,,,policy_source=alias,0.85,0.85,1.0,0.08,0.85,0.85,True,equal_weight,,baseline,False,True,alias,,,-0.0005694092916071,-0.000483997897866035,1.0187217239724617,1.0184328007373977
,2025-04-09T04:00:00Z,volatility=high_volatility|trend=downtrend|drawdown_recovery=drawdown|stress=normal_stress,drawdown_watch,drawdown_watch,0.9999999985403938,high,,,policy_source=alias,0.85,0.85,1.0,0.08,0.85,0.85,True,equal_weight,,baseline,False,True,alias,,,-0.0005272919996311,-0.00044819819968643505,1.0181845601575608,1.0179763409896057
,2025-04-10T04:00:00Z,volatility=high_volatility|trend=downtrend|drawdown_recovery=drawdown|stress=normal_stress,drawdown_watch,drawdown_watch,0.9999999999999822,high,,,policy_source=alias,0.85,0.85,1.0,0.08,0.85,0.85,True,equal_weight,,baseline,False,True,alias,,,0.0083552406656777,0.0071019545658260455,1.0266917371997544,1.0252059627123995
,2025-04-11T04:00:00Z,volatility=high_volatility|trend=downtrend|drawdown_recovery=drawdown|stress=normal_stress,drawdown_watch,drawdown_watch,0.999999999996863,high,,,policy_source=alias,0.85,0.85,1.0,0.08,0.85,0.85,True,equal_weight,,baseline,False,True,alias,,,0.0017740102536136,0.00150790871557156,1.0285130988688471,1.0267518797188295
,2025-04-14T04:00:00Z,volatility=high_volatility|trend=downtrend|drawdown_recovery=recovery|stress=correlation_stress,risk_off,risk_off,0.9999999999809304,high,,,policy_source=alias,0.65,0.65,1.0,0.07,0.65,0.65,True,equal_weight,,baseline,False,True,alias,,,0.0055896290095913,0.003633258856234345,1.0342621055230292,1.0304823350789734
,2025-04-15T04:00:00Z,volatility=high_volatility|trend=downtrend|drawdown_recovery=recovery|stress=correlation_stress,risk_off,risk_off,0.9999999999538423,high,,,policy_source=alias,0.65,0.65,1.0,0.07,0.65,0.65,True,equal_weight,,baseline,False,True,alias,,,-0.0018137599574964,-0.00117894397237266,1.0323862023304755,1.0292674541413955
,2025-04-16T04:00:00Z,volatility=high_volatility|trend=downtrend|drawdown_recovery=drawdown|stress=correlation_stress,risk_off,risk_off,0.9999999999999654,high,,,policy_source=alias,0.65,0.65,1.0,0.07,0.65,0.65,True,equal_weight,,baseline,False,True,alias,,,-0.0118033834388467,-0.007672199235250355,1.0202005521273942,1.0213707091668638
,2025-04-17T04:00:00Z,volatility=high_volatility|trend=downtrend|drawdown_recovery=drawdown|stress=correlation_stress,risk_off,risk_off,0.9999999999994889,high,,,policy_source=alias,0.65,0.65,1.0,0.07,0.65,0.65,True,equal_weight,,baseline,False,True,alias,,,0.0075592877015639,0.004913537006016535,1.0279125416142196,1.0263892519432165
,2025-04-21T04:00:00Z,volatility=high_volatility|trend=downtrend|drawdown_recovery=drawdown|stress=correlation_stress,risk_off,risk_off,0.9999999999999982,high,,,policy_source=alias,0.65,0.65,1.0,0.07,0.65,0.65,True,equal_weight,,baseline,False,True,alias,,,-0.0050657216395171,-0.0032927190656861153,1.0227054228086334,1.023009640484528
,2025-04-22T04:00:00Z,volatility=high_volatility|trend=downtrend|drawdown_recovery=drawdown|stress=correlation_stress,risk_off,risk_off,0.9999999999998801,high,,,policy_source=alias,0.65,0.65,1.0,0.07,0.65,0.65,True,equal_weight,,baseline,False,True,alias,,,0.0063251259012442,0.00411133183580873,1.0291741633677833,1.0272155725877912
,2025-04-23T04:00:00Z,volatility=high_volatility|trend=downtrend|drawdown_recovery=recovery|stress=correlation_stress,risk_off,risk_off,0.999999999975075,high,,,policy_source=alias,0.65,0.65,1.0,0.07,0.65,0.65,True,equal_weight,,baseline,False,True,alias,,,0.0002804732169974,0.00018230759104831003,1.0294628191562338,1.027402841784317
,2025-04-24T04:00:00Z,volatility=high_volatility|trend=downtrend|drawdown_recovery=recovery|stress=correlation_stress,risk_off,risk_off,0.9999999991258117,high,,,policy_source=alias,0.65,0.65,1.0,0.07,0.65,0.65,True,equal_weight,,baseline,False,True,alias,,,0.005948363833971,0.00386643649208115,1.0355864385581206,1.0313752296238596
,2025-04-25T04:00:00Z,volatility=high_volatility|trend=downtrend|drawdown_recovery=recovery|stress=correlation_stress,risk_off,risk_off,0.9999999991312984,high,,,policy_source=alias,0.65,0.65,1.0,0.07,0.65,0.65,True,equal_weight,,baseline,False,True,alias,,,0.0017704548905115,0.001150795678832475,1.0374198976328133,1.0325621317813658
,2025-04-28T04:00:00Z,volatility=high_volatility|trend=downtrend|drawdown_recovery=recovery|stress=correlation_stress,risk_off,risk_off,0.9999999943283253,high,,,policy_source=alias,0.65,0.65,1.0,0.07,0.65,0.65,True,equal_weight,,baseline,False,True,alias,,,0.0006161392443788,0.00040049050884622,1.0380590927446445,1.0329756631149383
,2025-04-29T04:00:00Z,volatility=high_volatility|trend=sideways|drawdown_recovery=recovery|stress=correlation_stress,risk_off,risk_off,0.9999999992573745,high,,,policy_source=alias,0.65,0.65,1.0,0.07,0.65,0.65,True,equal_weight,,baseline,False,True,alias,,,0.0020724407759986,0.0013470865043990901,1.0402104087363446,1.0343671706900932
,2025-04-30T04:00:00Z,volatility=high_volatility|trend=sideways|drawdown_recovery=recovery|stress=correlation_stress,risk_off,risk_off,0.9999999969020461,high,,,policy_source=alias,0.65,0.65,1.0,0.07,0.65,0.65,True,equal_weight,,baseline,False,True,alias,,,-0.0019644050618966,-0.00127686329023279,1.0381670141439854,1.033046425221217
,2025-05-01T04:00:00Z,volatility=high_volatility|trend=sideways|drawdown_recovery=recovery|stress=correlation_stress,risk_off,risk_off,0.9999999870316936,high,,,policy_source=alias,0.65,0.65,1.0,0.07,0.65,0.65,True,equal_weight,,baseline,False,True,alias,,,0.0022893129127902,0.0014880533933136302,1.040543703295098,1.0345836534597181
,2025-05-02T04:00:00Z,volatility=high_volatility|trend=sideways|drawdown_recovery=recovery|stress=correlation_stress,risk_off,risk_off,0.9999999830641145,high,,,policy_source=alias,0.65,0.65,1.0,0.07,0.65,0.65,True,equal_weight,,baseline,False,True,alias,,,0.0003344285427874,0.00021737855281181,1.0408916908094974,1.03480854975707
,2025-05-05T04:00:00Z,volatility=high_volatility|trend=sideways|drawdown_recovery=recovery|stress=correlation_stress,risk_off,risk_off,1.0,high,,,policy_source=alias,0.65,0.65,1.0,0.07,0.65,0.65,True,equal_weight,,baseline,False,True,alias,,,0.0007788678939257,0.0005062641310517051,1.041702407928523,1.0353324362083178
,2025-05-06T04:00:00Z,volatility=high_volatility|trend=sideways|drawdown_recovery=recovery|stress=correlation_stress,risk_off,risk_off,1.0,high,,,policy_source=alias,0.65,0.65,1.0,0.07,0.65,0.65,True,equal_weight,,baseline,False,True,alias,,,0.0029537866121202,0.0019199612978781301,1.0447793745548757,1.0373202344162757
,2025-05-07T04:00:00Z,volatility=high_volatility|trend=sideways|drawdown_recovery=recovery|stress=correlation_stress,risk_off,risk_off,1.0,high,,,policy_source=alias,0.65,0.65,1.0,0.07,0.65,0.65,True,equal_weight,,baseline,False,True,alias,,,-0.004948562086322,-0.0032165653561093003,1.0396092189533823,1.0339836260870612
,2025-05-08T04:00:00Z,volatility=high_volatility|trend=sideways|drawdown_recovery=recovery|stress=correlation_stress,risk_off,risk_off,1.0,high,,,policy_source=alias,0.65,0.65,1.0,0.07,0.65,0.65,True,equal_weight,,baseline,False,True,alias,,,-0.005312454871523,-0.0034530956664899502,1.0340863418936732,1.0304131817085984
,2025-05-09T04:00:00Z,volatility=high_volatility|trend=uptrend|drawdown_recovery=recovery|stress=normal_stress,risk_on,risk_on,1.0,high,,,policy_source=alias,1.05,1.05,1.0,0.11,1.0,1.0,True,equal_weight,,baseline,False,True,alias,,,0.0006498478079889,0.0006823401983883451,1.034758340636224,1.0311162740434274
,2025-05-12T04:00:00Z,volatility=high_volatility|trend=uptrend|drawdown_recovery=recovery|stress=normal_stress,risk_on,risk_on,1.0,high,,,policy_source=alias,1.05,1.05,1.0,0.11,1.0,1.0,True,equal_weight,,baseline,False,True,alias,,,-0.0205846655153855,-0.021613898791154777,1.0134581863049719,1.0088298312543402
,2025-05-13T04:00:00Z,volatility=high_volatility|trend=uptrend|drawdown_recovery=recovery|stress=normal_stress,risk_on,risk_on,1.0,high,,,policy_source=alias,1.05,1.05,1.0,0.11,1.0,1.0,True,equal_weight,,baseline,False,True,alias,,,-0.0014447803840351,-0.001517019403236855,1.0119939617973588,1.0072994168257632
,2025-05-14T04:00:00Z,volatility=high_volatility|trend=uptrend|drawdown_recovery=recovery|stress=normal_stress,risk_on,risk_on,1.0,high,,,policy_source=alias,1.05,1.05,1.0,0.11,1.0,1.0,True,equal_weight,,baseline,False,True,alias,,,-5.052457194599982e-05,-5.305080054329981e-05,1.0119428312356271,1.0072459787853139
,2025-05-15T04:00:00Z,volatility=high_volatility|trend=uptrend|drawdown_recovery=recovery|stress=normal_stress,risk_on,risk_on,1.0,high,,,policy_source=alias,1.05,1.05,1.0,0.11,1.0,1.0,True,equal_weight,,baseline,False,True,alias,,,-0.0018600325808861,-0.001953034209930405,1.0100605845995347,1.0052787929309313
,2025-05-16T04:00:00Z,volatility=high_volatility|trend=uptrend|drawdown_recovery=recovery|stress=normal_stress,risk_on,risk_on,1.0,high,,,policy_source=alias,1.05,1.05,1.0,0.11,1.0,1.0,True,equal_weight,,baseline,False,True,alias,,,-0.001844269997333,-0.00193648349719965,1.008197760167869,1.0033320871383358
,2025-05-19T04:00:00Z,volatility=high_volatility|trend=uptrend|drawdown_recovery=recovery|stress=normal_stress,risk_on,risk_on,1.0,high,,,policy_source=alias,1.05,1.05,1.0,0.11,1.0,1.0,True,equal_weight,,baseline,False,True,alias,,,-0.0004105690564323,-0.000431097509253915,1.0077838253647797,1.0028995531746159
,2025-05-20T04:00:00Z,volatility=high_volatility|trend=uptrend|drawdown_recovery=underwater|stress=normal_stress,risk_on,risk_on,1.0,high,,,policy_source=alias,1.05,1.05,1.0,0.11,1.0,1.0,True,equal_weight,,baseline,False,True,alias,,,0.001227012248127,0.00128836286053335,1.0090203884619666,1.0041916517117715
,2025-05-21T04:00:00Z,volatility=high_volatility|trend=uptrend|drawdown_recovery=underwater|stress=normal_stress,risk_on,risk_on,1.0,high,,,policy_source=alias,1.05,1.05,1.0,0.11,1.0,1.0,True,equal_weight,,baseline,False,True,alias,,,0.0091905504053912,0.00965007792566076,1.0182938412021938,1.0138821794030881
,2025-05-22T04:00:00Z,volatility=high_volatility|trend=uptrend|drawdown_recovery=underwater|stress=normal_stress,risk_on,risk_on,1.0,high,,,policy_source=alias,1.05,1.05,1.0,0.11,1.0,1.0,True,equal_weight,,baseline,False,True,alias,,,-0.001308455414756,-0.0013738781854938,1.0169614491118601,1.0124892287941452
,2025-05-23T04:00:00Z,volatility=high_volatility|trend=uptrend|drawdown_recovery=underwater|stress=normal_stress,risk_on,risk_on,1.0,high,,,policy_source=alias,1.05,1.05,1.0,0.11,1.0,1.0,True,equal_weight,,baseline,False,True,alias,,,0.0032636037757004,0.0034267839644854204,1.0202804083369232,1.0159588106475912
,2025-05-27T04:00:00Z,volatility=high_volatility|trend=uptrend|drawdown_recovery=underwater|stress=normal_stress,risk_on,risk_on,0.9999999999999982,high,,,policy_source=alias,1.05,1.05,1.0,0.11,1.0,1.0,True,equal_weight,,baseline,False,True,alias,,,-0.0084230656183273,-0.008844218899243665,1.0116865195084075,1.0069734485336086
,2025-05-28T04:00:00Z,volatility=high_volatility|trend=uptrend|drawdown_recovery=underwater|stress=normal_stress,risk_on,risk_on,0.9999999999999996,high,,,policy_source=alias,1.05,1.05,1.0,0.11,1.0,1.0,True,equal_weight,,baseline,False,True,alias,,,0.0017741082208805,0.0018628136319245251,1.0134813608796212,1.008849252400523
,2025-05-29T04:00:00Z,volatility=high_volatility|trend=uptrend|drawdown_recovery=underwater|stress=normal_stress,risk_on,risk_on,0.9999999999999973,high,,,policy_source=alias,1.05,1.05,1.0,0.11,1.0,1.0,True,equal_weight,,baseline,False,True,alias,,,-0.0007441137132475,-0.0007813193989098751,1.01272721550087,1.0080610189090466
,2025-05-30T04:00:00Z,volatility=high_volatility|trend=uptrend|drawdown_recovery=underwater|stress=normal_stress,risk_on,risk_on,0.9999999999999543,high,,,policy_source=alias,1.05,1.05,1.0,0.11,1.0,1.0,True,equal_weight,,baseline,False,True,alias,,,0.0002786248570934,0.00029255609994807,1.0130093864765635,1.0083559333092484
,2025-06-02T04:00:00Z,volatility=high_volatility|trend=uptrend|drawdown_recovery=underwater|stress=normal_stress,risk_on,risk_on,0.9999999999610916,high,,,policy_source=alias,1.05,1.05,1.0,0.11,1.0,1.0,True,equal_weight,,baseline,False,True,alias,,,-0.00066914508463,-0.0007026023388614999,1.0123315362249186,1.0076474600721004
,2025-06-03T04:00:00Z,volatility=high_volatility|trend=uptrend|drawdown_recovery=recovery|stress=normal_stress,risk_on,risk_on,0.9999999999862008,high,,,policy_source=alias,1.05,1.05,1.0,0.11,1.0,1.0,True,equal_weight,,baseline,False,True,alias,,,0.0009360393788107,0.000982841347751235,1.013279118407237,1.0086378176598159
,2025-06-04T04:00:00Z,volatility=high_volatility|trend=uptrend|drawdown_recovery=recovery|stress=normal_stress,risk_on,risk_on,0.9999999999957505,high,,,policy_source=alias,1.05,1.05,1.0,0.11,1.0,1.0,True,equal_weight,,baseline,False,True,alias,,,-0.0013660665041672,-0.00143436982937556,1.0118949117442089,1.0071910580053973
,2025-06-05T04:00:00Z,volatility=high_volatility|trend=uptrend|drawdown_recovery=underwater|stress=normal_stress,risk_on,risk_on,0.9999999999990927,high,,,policy_source=alias,1.05,1.05,1.0,0.11,1.0,1.0,True,equal_weight,,baseline,False,True,alias,,,0.0002425899850782,0.00025471948433211,1.0121403873157495,1.0074476091923164
,2025-06-06T04:00:00Z,volatility=high_volatility|trend=uptrend|drawdown_recovery=underwater|stress=normal_stress,risk_on,risk_on,0.9999999995571835,high,,,policy_source=alias,1.05,1.05,1.0,0.11,1.0,1.0,True,equal_weight,,baseline,False,True,alias,,,-0.0023548251028026,-0.00247256635794273,1.009756973724138,1.0049566281264377
,2025-06-09T04:00:00Z,volatility=high_volatility|trend=uptrend|drawdown_recovery=recovery|stress=normal_stress,risk_on,risk_on,0.9999999804718434,high,,,policy_source=alias,1.05,1.05,1.0,0.11,1.0,1.0,True,equal_weight,,baseline,False,True,alias,,,-0.0001849411098197,-0.000194188165310685,1.0095702281487693,1.004761477442605
,2025-06-10T04:00:00Z,volatility=high_volatility|trend=uptrend|drawdown_recovery=recovery|stress=normal_stress,risk_on,risk_on,0.9752601377560736,high,,,policy_source=alias,1.05,1.05,1.0,0.11,1.0,1.0,True,equal_weight,,baseline,False,True,alias,,,0.0015431477028253,0.001620305087966565,1.011128144127178,1.006389497576698
,2025-06-11T04:00:00Z,volatility=high_volatility|trend=uptrend|drawdown_recovery=recovery|stress=normal_stress,risk_on,risk_on,0.7623413846692324,high,,,policy_source=alias,1.05,1.05,1.0,0.11,1.0,1.0,True,equal_weight,,baseline,False,True,alias,,,0.0007252589156706,0.0007615218614541301,1.0118614738285916,1.0071558851802405
,2025-06-12T04:00:00Z,volatility=normal_volatility|trend=uptrend|drawdown_recovery=underwater|stress=normal_stress,risk_on,risk_on,0.9867837022936813,high,,,policy_source=alias,1.05,1.05,1.0,0.11,1.0,1.0,True,equal_weight,,baseline,False,True,alias,,,0.0012230189622241,0.0012841699103353051,1.013098999598228,1.008449244463006
,2025-06-13T04:00:00Z,volatility=normal_volatility|trend=uptrend|drawdown_recovery=underwater|stress=normal_stress,risk_on,risk_on,0.9999868829116693,high,,,policy_source=alias,1.05,1.05,1.0,0.11,1.0,1.0,True,equal_weight,,baseline,False,True,alias,,,0.0012977563716464,0.00136264419022872,1.0144137552800652,1.0098234019671142
,2025-06-16T04:00:00Z,volatility=normal_volatility|trend=uptrend|drawdown_recovery=underwater|stress=normal_stress,risk_on,risk_on,0.9987363342704526,high,,,policy_source=alias,1.05,1.05,1.0,0.11,1.0,1.0,True,equal_weight,,baseline,False,True,alias,,,-0.0026310572431519,-0.002762610105309495,1.0117447746216826,1.0070336536322617
,2025-06-17T04:00:00Z,volatility=normal_volatility|trend=uptrend|drawdown_recovery=underwater|stress=normal_stress,risk_on,risk_on,0.9996981884858606,high,,,policy_source=alias,1.05,1.05,1.0,0.11,1.0,1.0,True,equal_weight,,baseline,False,True,alias,,,1.670919751699998e-05,1.7544657392849982e-05,1.0117616800649585,1.0070513216926977
,2025-06-18T04:00:00Z,volatility=normal_volatility|trend=sideways|drawdown_recovery=underwater|stress=normal_stress,default,,0.9987295018351757,high,,,policy_source=default,1.0,1.0,1.0,0.1,1.0,1.0,True,,,baseline,False,True,default,,,-0.0005770554669214,-0.0005770554669214,1.0111778374562554,1.0064701972220444
,2025-06-20T04:00:00Z,volatility=normal_volatility|trend=sideways|drawdown_recovery=underwater|stress=normal_stress,default,,0.9148028629261266,high,,,policy_source=default,1.0,1.0,1.0,0.1,1.0,1.0,True,,,baseline,False,True,default,,,0.0011313186231871,0.0011313186231871,1.0123218017751239,1.0076088356998445
,2025-06-23T04:00:00Z,volatility=normal_volatility|trend=uptrend|drawdown_recovery=recovery|stress=normal_stress,risk_on,risk_on,0.5747337396051178,medium,low_confidence,neutral,policy_source=alias;confidence_fallback=low_confidence,0.0,0.0,0.0,0.1,0.0,1e-12,False,,,baseline,False,True,alias,,,0.000425906046011,0.0,1.0127529557510087,1.0076088356998445
,2025-06-24T04:00:00Z,volatility=normal_volatility|trend=uptrend|drawdown_recovery=recovery|stress=normal_stress,risk_on,risk_on,0.9977439378167253,high,,,policy_source=alias,1.05,1.05,1.0,0.11,1.0,1.0,True,equal_weight,,baseline,False,True,alias,,,-6.36468814211998e-05,-6.68292254922598e-05,1.012688497183725,1.0075414979817554
,2025-06-25T04:00:00Z,volatility=normal_volatility|trend=uptrend|drawdown_recovery=recovery|stress=normal_stress,risk_on,risk_on,0.9999492464689897,high,,,policy_source=alias,1.05,1.05,1.0,0.11,1.0,1.0,True,equal_weight,,baseline,False,True,alias,,,-0.0001201828184808,-0.00012619195940484002,1.0125667894258903,1.0074143543459433
,2025-06-26T04:00:00Z,volatility=low_volatility|trend=uptrend|drawdown_recovery=near_peak|stress=normal_stress,risk_on,risk_on,0.9999709584491308,high,,,policy_source=alias,1.05,1.05,1.0,0.11,1.0,1.0,True,equal_weight,,baseline,False,True,alias,,,-0.0017009303061007,-0.001785976821405735,1.0108444838868047,1.00561513565953
,2025-06-27T04:00:00Z,volatility=low_volatility|trend=uptrend|drawdown_recovery=near_peak|stress=normal_stress,risk_on,risk_on,0.99999089898171,high,,,policy_source=alias,1.05,1.05,1.0,0.11,1.0,1.0,True,equal_weight,,baseline,False,True,alias,,,0.0035517845425822,0.0037293737697113106,1.0144347856996283,1.0093654503688834
,2025-06-30T04:00:00Z,volatility=low_volatility|trend=uptrend|drawdown_recovery=near_peak|stress=normal_stress,risk_on,risk_on,0.9999866350222764,high,,,policy_source=alias,1.05,1.05,1.0,0.11,1.0,1.0,True,equal_weight,,baseline,False,True,alias,,,0.0002399752221268,0.00025197398323314,1.0146782249126596,1.0096197842019508
,2025-07-01T04:00:00Z,volatility=low_volatility|trend=uptrend|drawdown_recovery=near_peak|stress=normal_stress,risk_on,risk_on,0.9999469738941992,high,,,policy_source=alias,1.05,1.05,1.0,0.11,1.0,1.0,True,equal_weight,,baseline,False,True,alias,,,0.0017350651620879,0.001821818420192295,1.0164387577514349,1.0114591281222005
,2025-07-02T04:00:00Z,volatility=low_volatility|trend=uptrend|drawdown_recovery=near_peak|stress=normal_stress,risk_on,risk_on,0.9998816815791852,high,,,policy_source=alias,1.05,1.05,1.0,0.11,1.0,1.0,True,equal_weight,,baseline,False,True,alias,,,-5.548221937735004e-05,-5.825633034621754e-05,1.0163823634732936,1.011400204225101
,2025-07-03T04:00:00Z,volatility=low_volatility|trend=uptrend|drawdown_recovery=near_peak|stress=normal_stress,risk_on,risk_on,0.9999628183635288,high,,,policy_source=alias,1.05,1.05,1.0,0.11,1.0,1.0,True,equal_weight,,baseline,False,True,alias,,,-0.0003363539510872,-0.00035317164864156,1.016040499249524,1.0110430063475384
,2025-07-07T04:00:00Z,volatility=low_volatility|trend=uptrend|drawdown_recovery=near_peak|stress=normal_stress,risk_on,risk_on,0.9999945071936036,high,,,policy_source=alias,1.05,1.05,1.0,0.11,1.0,1.0,True,equal_weight,,baseline,False,True,alias,,,0.0011569177146279,0.001214763600359295,1.0172159745018852,1.0122711845900472
,2025-07-08T04:00:00Z,volatility=low_volatility|trend=uptrend|drawdown_recovery=near_peak|stress=normal_stress,risk_on,risk_on,0.9999997787945912,high,,,policy_source=alias,1.05,1.05,1.0,0.11,1.0,1.0,True,equal_weight,,baseline,False,True,alias,,,0.0018633808665434,0.00195654990987057,1.0191114352859143,1.0142517436850214
,2025-07-09T04:00:00Z,volatility=low_volatility|trend=uptrend|drawdown_recovery=near_peak|stress=normal_stress,risk_on,risk_on,0.9999993581195334,high,,,policy_source=alias,1.05,1.05,1.0,0.11,1.0,1.0,True,equal_weight,,baseline,False,True,alias,,,-0.00151527163704,-0.0015910352188920002,1.0175672046330424,1.0126380334399958
,2025-07-10T04:00:00Z,volatility=low_volatility|trend=uptrend|drawdown_recovery=near_peak|stress=normal_stress,risk_on,risk_on,0.9999996841473333,high,,,policy_source=alias,1.05,1.05,1.0,0.11,1.0,1.0,True,equal_weight,,baseline,False,True,alias,,,-0.001774691288693,-0.00186342585312765,1.0157613369793204,1.0107510575486234
,2025-07-11T04:00:00Z,volatility=low_volatility|trend=uptrend|drawdown_recovery=near_peak|stress=normal_stress,risk_on,risk_on,0.999999633206487,high,,,policy_source=alias,1.05,1.05,1.0,0.11,1.0,1.0,True,equal_weight,,baseline,False,True,alias,,,0.0013019495099635,0.001367046985461675,1.0170838069542405,1.0121328017348974
,2025-07-14T04:00:00Z,volatility=low_volatility|trend=uptrend|drawdown_recovery=near_peak|stress=normal_stress,risk_on,risk_on,0.9999999144840503,high,,,policy_source=alias,1.05,1.05,1.0,0.11,1.0,1.0,True,equal_weight,,baseline,False,True,alias,,,-0.001018767538625,-0.00106970591555625,1.0160476349876544,1.0110501172895532
,2025-07-15T04:00:00Z,volatility=low_volatility|trend=uptrend|drawdown_recovery=near_peak|stress=normal_stress,risk_on,risk_on,0.9999999999800689,high,,,policy_source=alias,1.05,1.05,1.0,0.11,1.0,1.0,True,equal_weight,,baseline,False,True,alias,,,-0.0002413466997314,-0.00025341403471797,1.0158024152441802,1.0107939030000288
,2025-07-16T04:00:00Z,volatility=low_volatility|trend=uptrend|drawdown_recovery=near_peak|stress=normal_stress,risk_on,risk_on,0.9999999999555379,high,,,policy_source=alias,1.05,1.05,1.0,0.11,1.0,1.0,True,equal_weight,,baseline,False,True,alias,,,-0.000629126174585,-0.0006605824833142501,1.0151633473565436,1.0101261902534662
,2025-07-17T04:00:00Z,volatility=low_volatility|trend=uptrend|drawdown_recovery=near_peak|stress=normal_stress,risk_on,risk_on,0.9999999999995595,high,,,policy_source=alias,1.05,1.05,1.0,0.11,1.0,1.0,True,equal_weight,,baseline,False,True,alias,,,-0.0045125422506787,-0.004738169363212635,1.010582379860257,1.0053400412858287
,2025-07-18T04:00:00Z,volatility=low_volatility|trend=uptrend|drawdown_recovery=near_peak|stress=normal_stress,risk_on,risk_on,0.9999999999991656,high,,,policy_source=alias,1.05,1.05,1.0,0.11,1.0,1.0,True,equal_weight,,baseline,False,True,alias,,,0.0012102631169993,0.001270776272849265,1.011805450441291,1.00661760355644
,2025-07-21T04:00:00Z,volatility=low_volatility|trend=uptrend|drawdown_recovery=near_peak|stress=normal_stress,risk_on,risk_on,0.9999999999989662,high,,,policy_source=alias,1.05,1.05,1.0,0.11,1.0,1.0,True,equal_weight,,baseline,False,True,alias,,,0.0003760700908727,0.000394873595416335,1.0121859602089838,1.0070150902687656
,2025-07-22T04:00:00Z,volatility=low_volatility|trend=uptrend|drawdown_recovery=near_peak|stress=normal_stress,risk_on,risk_on,0.999999999999561,high,,,policy_source=alias,1.05,1.05,1.0,0.11,1.0,1.0,True,equal_weight,,baseline,False,True,alias,,,-0.0017763657665622,-0.0018651840548903102,1.0103879477198736,1.0051368217793624
,2025-07-23T04:00:00Z,volatility=low_volatility|trend=uptrend|drawdown_recovery=near_peak|stress=normal_stress,risk_on,risk_on,0.9999999999994647,high,,,policy_source=alias,1.05,1.05,1.0,0.11,1.0,1.0,True,equal_weight,,baseline,False,True,alias,,,-0.0031779759080261,-0.0033368747034274054,1.0071769591642599,1.0017828061452834
,2025-07-24T04:00:00Z,volatility=low_volatility|trend=uptrend|drawdown_recovery=near_peak|stress=normal_stress,risk_on,risk_on,0.9999999999997276,high,,,policy_source=alias,1.05,1.05,1.0,0.11,1.0,1.0,True,equal_weight,,baseline,False,True,alias,,,-0.0029355244399046,-0.00308230066189983,1.0042203665853244,0.9986950103388219
,2025-07-25T04:00:00Z,volatility=low_volatility|trend=uptrend|drawdown_recovery=near_peak|stress=normal_stress,risk_on,risk_on,0.9999999999999437,high,,,policy_source=alias,1.05,1.05,1.0,0.11,1.0,1.0,True,equal_weight,,baseline,False,True,alias,,,-0.0008834833363434,-0.00092765750316057,1.0033331546254296,0.997768563419112
,2025-07-28T04:00:00Z,volatility=low_volatility|trend=uptrend|drawdown_recovery=near_peak|stress=normal_stress,risk_on,risk_on,0.9999999999999767,high,,,policy_source=alias,1.05,1.05,1.0,0.11,1.0,1.0,True,equal_weight,,baseline,False,True,alias,,,-0.0014163889619859,-0.001487208410085195,1.0019120446200236,0.9962846736202765
,2025-07-29T04:00:00Z,volatility=low_volatility|trend=uptrend|drawdown_recovery=near_peak|stress=normal_stress,risk_on,risk_on,0.9999999999998093,high,,,policy_source=alias,1.05,1.05,1.0,0.11,1.0,1.0,True,equal_weight,,baseline,False,True,alias,,,-0.0019435317853799,-0.0020407083746488953,0.9999647967151496,0.9942515471432853
,2025-07-30T04:00:00Z,volatility=low_volatility|trend=uptrend|drawdown_recovery=near_peak|stress=normal_stress,risk_on,risk_on,0.999999999999869,high,,,policy_source=alias,1.05,1.05,1.0,0.11,1.0,1.0,True,equal_weight,,baseline,False,True,alias,,,-0.0007994002077114,-0.00083937021809697,0.9991654246489514,0.9934170020053165
,2025-07-31T04:00:00Z,volatility=low_volatility|trend=uptrend|drawdown_recovery=near_peak|stress=normal_stress,risk_on,risk_on,0.9999999999998991,high,,,policy_source=alias,1.05,1.05,1.0,0.11,1.0,1.0,True,equal_weight,,baseline,False,True,alias,,,0.0019485003157727,0.002045925331561335,1.001112298794389,0.9954494590145228
,2025-08-01T04:00:00Z,volatility=low_volatility|trend=uptrend|drawdown_recovery=near_peak|stress=normal_stress,risk_on,risk_on,0.9999999841342931,high,,,policy_source=alias,1.05,1.05,1.0,0.11,1.0,1.0,True,equal_weight,,baseline,False,True,alias,,,0.0024706684371184,0.0025942018589743205,1.0035857153530312,0.9980318558516132
,2025-08-04T04:00:00Z,volatility=low_volatility|trend=uptrend|drawdown_recovery=near_peak|stress=normal_stress,risk_on,risk_on,0.9999999889566409,high,,,policy_source=alias,1.05,1.05,1.0,0.11,1.0,1.0,True,equal_weight,,baseline,False,True,alias,,,-0.0032063094730409,-0.003366624946692945,1.0003679089668862,0.994671856908109
,2025-08-05T04:00:00Z,volatility=low_volatility|trend=uptrend|drawdown_recovery=near_peak|stress=normal_stress,risk_on,risk_on,0.9999998330794094,high,,,policy_source=alias,1.05,1.05,1.0,0.11,1.0,1.0,True,equal_weight,,baseline,False,True,alias,,,0.0010284412541131,0.0010798633168187552,1.0013967285937586,0.9957459665586561
,2025-08-06T04:00:00Z,volatility=low_volatility|trend=uptrend|drawdown_recovery=near_peak|stress=normal_stress,risk_on,risk_on,0.9999999183644772,high,,,policy_source=alias,1.05,1.05,1.0,0.11,1.0,1.0,True,equal_weight,,baseline,False,True,alias,,,-0.0003336496506461,-0.000350332133178405,1.0010626129251052,0.9953971247500879
,2025-08-07T04:00:00Z,volatility=low_volatility|trend=uptrend|drawdown_recovery=recovery|stress=normal_stress,risk_on,risk_on,0.9999999930419264,high,,,policy_source=alias,1.05,1.05,1.0,0.11,1.0,1.0,True,equal_weight,,baseline,False,True,alias,,,-0.0010382144706556,-0.00109012519418838,1.0000232952343342,0.9943120172661751
,2025-08-08T04:00:00Z,volatility=low_volatility|trend=uptrend|drawdown_recovery=recovery|stress=normal_stress,risk_on,risk_on,0.9999999968493984,high,,,policy_source=alias,1.05,1.05,1.0,0.11,1.0,1.0,True,equal_weight,,baseline,False,True,alias,,,-0.0008429466803814,-0.0008850940144004701,0.9991803289173123,0.9934319576512464
,2025-08-11T04:00:00Z,volatility=low_volatility|trend=uptrend|drawdown_recovery=recovery|stress=normal_stress,risk_on,risk_on,0.9999999901542334,high,,,policy_source=alias,1.05,1.05,1.0,0.11,1.0,1.0,True,equal_weight,,baseline,False,True,alias,,,-0.0006836660394669,-0.000717849341440245,0.9984972232591283,0.9927188231746807
,2025-08-12T04:00:00Z,volatility=low_volatility|trend=uptrend|drawdown_recovery=recovery|stress=normal_stress,risk_on,risk_on,0.9999992997250677,high,,,policy_source=alias,1.05,1.05,1.0,0.11,1.0,1.0,True,equal_weight,,baseline,False,True,alias,,,0.0009947149742802,0.00104445072299421,0.9994904433988813,0.9937556690672756
,2025-08-13T04:00:00Z,volatility=normal_volatility|trend=uptrend|drawdown_recovery=near_peak|stress=normal_stress,risk_on,risk_on,0.99999983486578,high,,,policy_source=alias,1.05,1.05,1.0,0.11,1.0,1.0,True,equal_weight,,baseline,False,True,alias,,,0.0007146201465427,0.000750351153869835,1.000204699406011,0.994501334780225
,2025-08-14T04:00:00Z,volatility=normal_volatility|trend=uptrend|drawdown_recovery=near_peak|stress=normal_stress,risk_on,risk_on,0.9999999001557253,high,,,policy_source=alias,1.05,1.05,1.0,0.11,1.0,1.0,True,equal_weight,,baseline,False,True,alias,,,0.0001127037235754,0.00011833890975417,1.0003174261999717,0.9946190229839319
,2025-08-15T04:00:00Z,volatility=low_volatility|trend=uptrend|drawdown_recovery=near_peak|stress=normal_stress,risk_on,risk_on,0.9999999713683296,high,,,policy_source=alias,1.05,1.05,1.0,0.11,1.0,1.0,True,equal_weight,,baseline,False,True,alias,,,0.0006895064691146,0.0007239817925703301,1.0010071515365047,0.9953391090471164
,2025-08-18T04:00:00Z,volatility=low_volatility|trend=uptrend|drawdown_recovery=near_peak|stress=normal_stress,risk_on,risk_on,0.9999999906715237,high,,,policy_source=alias,1.05,1.05,1.0,0.11,1.0,1.0,True,equal_weight,,baseline,False,True,alias,,,0.0007906125755774,0.0008301432043562701,1.0017985603787525,0.9961653830445218
,2025-08-19T04:00:00Z,volatility=low_volatility|trend=uptrend|drawdown_recovery=near_peak|stress=normal_stress,risk_on,risk_on,0.9999999679583685,high,,,policy_source=alias,1.05,1.05,1.0,0.11,1.0,1.0,True,equal_weight,,baseline,False,True,alias,,,0.0016898561510084,0.00177434895855882,1.0034914558380799,0.9979329280544793
,2025-08-20T04:00:00Z,volatility=low_volatility|trend=uptrend|drawdown_recovery=near_peak|stress=normal_stress,risk_on,risk_on,0.9999999971657993,high,,,policy_source=alias,1.05,1.05,1.0,0.11,1.0,1.0,True,equal_weight,,baseline,False,True,alias,,,0.0010446918871616,0.00109692648151968,1.00453979522083,0.9990275871100428
,2025-08-21T04:00:00Z,volatility=low_volatility|trend=uptrend|drawdown_recovery=near_peak|stress=normal_stress,risk_on,risk_on,0.9999999787720929,high,,,policy_source=alias,1.05,1.05,1.0,0.11,1.0,1.0,True,equal_weight,,baseline,False,True,alias,,,0.0010414637692882,0.00109353695775261,1.0055859870223605,1.0001200606983622
,2025-08-22T04:00:00Z,volatility=low_volatility|trend=uptrend|drawdown_recovery=near_peak|stress=normal_stress,risk_on,risk_on,0.9999993701555211,high,,,policy_source=alias,1.05,1.05,1.0,0.11,1.0,1.0,True,equal_weight,,baseline,False,True,alias,,,-0.0022851721732979,-0.0023994307819627954,1.0032880499069585,0.9977203418390641
,2025-08-25T04:00:00Z,volatility=normal_volatility|trend=sideways|drawdown_recovery=near_peak|stress=normal_stress,default,,0.9999961913349159,high,,,policy_source=default,1.0,1.0,1.0,0.1,1.0,1.0,True,,,baseline,False,True,default,,,0.0007903061269142,0.0007903061269142,1.0040809545998597,0.9985088463381664
,2025-08-26T04:00:00Z,volatility=normal_volatility|trend=sideways|drawdown_recovery=near_peak|stress=normal_stress,default,,0.9999935550563965,high,,,policy_source=default,1.0,1.0,1.0,0.1,1.0,1.0,True,,,baseline,False,True,default,,,0.0014265330820585,0.0014265330820585,1.0055133092986612,0.9999332522401958
,2025-08-27T04:00:00Z,volatility=normal_volatility|trend=sideways|drawdown_recovery=near_peak|stress=normal_stress,default,,0.9999710457498371,high,,,policy_source=default,1.0,1.0,1.0,0.1,1.0,1.0,True,,,baseline,False,True,default,,,0.0001749485327104,0.0001749485327104,1.005689222376744,1.0001081890954837
,2025-08-28T04:00:00Z,volatility=normal_volatility|trend=uptrend|drawdown_recovery=near_peak|stress=normal_stress,risk_on,risk_on,0.9999903339883269,high,,,policy_source=alias,1.05,1.05,1.0,0.11,1.0,1.0,True,equal_weight,,baseline,False,True,alias,,,0.0011703323586183,0.001228848976549215,1.0068662130164052,1.0013371710200922
,2025-08-29T04:00:00Z,volatility=normal_volatility|trend=uptrend|drawdown_recovery=near_peak|stress=normal_stress,risk_on,risk_on,0.9999993701270301,high,,,policy_source=alias,1.05,1.05,1.0,0.11,1.0,1.0,True,equal_weight,,baseline,False,True,alias,,,-0.0026352805845834,-0.0027670446138125704,1.00421283803397,0.9985664263944107
,2025-09-02T04:00:00Z,volatility=normal_volatility|trend=uptrend|drawdown_recovery=near_peak|stress=normal_stress,risk_on,risk_on,0.9999974383221416,high,,,policy_source=alias,1.05,1.05,1.0,0.11,1.0,1.0,True,equal_weight,,baseline,False,True,alias,,,0.0016833367724239,0.001767503611045095,1.0059032664315728,1.0003313961589313
,2025-09-03T04:00:00Z,volatility=normal_volatility|trend=uptrend|drawdown_recovery=near_peak|stress=normal_stress,risk_on,risk_on,0.9999994263374371,high,,,policy_source=alias,1.05,1.05,1.0,0.11,1.0,1.0,True,equal_weight,,baseline,False,True,alias,,,-0.0003646514958082,-0.00038288407059861,1.00553646230083,0.9999483852020223
,2025-09-04T04:00:00Z,volatility=normal_volatility|trend=uptrend|drawdown_recovery=near_peak|stress=normal_stress,risk_on,risk_on,0.9999989063038596,high,,,policy_source=alias,1.05,1.05,1.0,0.11,1.0,1.0,True,equal_weight,,baseline,False,True,alias,,,-0.0025236864773408,-0.00264987080120784,1.0029988035284483,0.9972986511733606
,2025-09-05T04:00:00Z,volatility=normal_volatility|trend=uptrend|drawdown_recovery=near_peak|stress=normal_stress,risk_on,risk_on,0.9999986732215478,high,,,policy_source=alias,1.05,1.05,1.0,0.11,1.0,1.0,True,equal_weight,,baseline,False,True,alias,,,0.0030780037342065,0.003231903920916825,1.0060860375911134,1.0005218245944127
,2025-09-08T04:00:00Z,volatility=normal_volatility|trend=uptrend|drawdown_recovery=near_peak|stress=normal_stress,risk_on,risk_on,0.9999983508025867,high,,,policy_source=alias,1.05,1.05,1.0,0.11,1.0,1.0,True,equal_weight,,baseline,False,True,alias,,,-0.0011427573407215,-0.001199895207757575,1.0049363253862589,0.9993213032518251
,2025-09-09T04:00:00Z,volatility=normal_volatility|trend=uptrend|drawdown_recovery=near_peak|stress=normal_stress,risk_on,risk_on,0.9999997545153737,high,,,policy_source=alias,1.05,1.05,1.0,0.11,1.0,1.0,True,equal_weight,,baseline,False,True,alias,,,-0.0024579528477761,-0.002580850490164905,1.002466239283442,0.9967422043764954
,2025-09-10T04:00:00Z,volatility=low_volatility|trend=uptrend|drawdown_recovery=near_peak|stress=normal_stress,risk_on,risk_on,0.9999999975905238,high,,,policy_source=alias,1.05,1.05,1.0,0.11,1.0,1.0,True,equal_weight,,baseline,False,True,alias,,,0.0036331651279026,0.00381482338429773,1.0061083646659064,1.0005445998458675
,2025-09-11T04:00:00Z,volatility=low_volatility|trend=uptrend|drawdown_recovery=near_peak|stress=normal_stress,risk_on,risk_on,0.9999999915856176,high,,,policy_source=alias,1.05,1.05,1.0,0.11,1.0,1.0,True,equal_weight,,baseline,False,True,alias,,,0.0004182475743508,0.00043915995306834,1.006529167048962,1.0009839989653786
,2025-09-12T04:00:00Z,volatility=low_volatility|trend=sideways|drawdown_recovery=near_peak|stress=normal_stress,default,,0.9999999910682478,high,,,policy_source=default,1.0,1.0,1.0,0.1,1.0,1.0,True,,,baseline,False,True,default,,,-0.0002508897300792,-0.0002508897300792,1.006276639217924,1.0007328623600644
,2025-09-15T04:00:00Z,volatility=low_volatility|trend=sideways|drawdown_recovery=near_peak|stress=normal_stress,default,,0.999999994823662,high,,,policy_source=default,1.0,1.0,1.0,0.1,1.0,1.0,True,,,baseline,False,True,default,,,-0.0018127284854486,-0.0018127284854486,1.0044525328897724,0.9989188053941399
,2025-09-16T04:00:00Z,volatility=low_volatility|trend=sideways|drawdown_recovery=near_peak|stress=normal_stress,default,,0.9999999903129798,high,,,policy_source=default,1.0,1.0,1.0,0.1,1.0,1.0,True,,,baseline,False,True,default,,,0.0010439602760886,0.0010439602760886,1.005501141433326,0.9999616369460093
,2025-09-17T04:00:00Z,volatility=low_volatility|trend=uptrend|drawdown_recovery=near_peak|stress=normal_stress,risk_on,risk_on,0.9999999968668667,high,,,policy_source=alias,1.05,1.05,1.0,0.11,1.0,1.0,True,equal_weight,,baseline,False,True,alias,,,-0.0005096757217401,-0.000535159507827105,1.0049886619133555,0.9994264979685352
,2025-09-18T04:00:00Z,volatility=low_volatility|trend=uptrend|drawdown_recovery=near_peak|stress=normal_stress,risk_on,risk_on,0.9999999986153839,high,,,policy_source=alias,1.05,1.05,1.0,0.11,1.0,1.0,True,equal_weight,,baseline,False,True,alias,,,0.0014898599735385,0.0015643529722154251,1.0064859542946,1.000989953781143
,2025-09-19T04:00:00Z,volatility=low_volatility|trend=uptrend|drawdown_recovery=near_peak|stress=normal_stress,risk_on,risk_on,0.9999999999368783,high,,,policy_source=alias,1.05,1.05,1.0,0.11,1.0,1.0,True,equal_weight,,baseline,False,True,alias,,,-0.0002625934312679,-0.00027572310283129504,1.006221657694339,1.0007139577251836
,2025-09-22T04:00:00Z,volatility=low_volatility|trend=uptrend|drawdown_recovery=near_peak|stress=normal_stress,risk_on,risk_on,0.9999999999988958,high,,,policy_source=alias,1.05,1.05,1.0,0.11,1.0,1.0,True,equal_weight,,baseline,False,True,alias,,,-0.0016005728802544,-0.00168060152426712,1.0046111265975088,0.9990321563224753
,2025-09-23T04:00:00Z,volatility=low_volatility|trend=uptrend|drawdown_recovery=near_peak|stress=normal_stress,risk_on,risk_on,0.9999999999998961,high,,,policy_source=alias,1.05,1.05,1.0,0.11,1.0,1.0,True,equal_weight,,baseline,False,True,alias,,,0.002462633259941,0.0025857649229380497,1.0070851153711746,1.0016154186291812
,2025-09-24T04:00:00Z,volatility=low_volatility|trend=uptrend|drawdown_recovery=near_peak|stress=normal_stress,risk_on,risk_on,0.9999999999993918,high,,,policy_source=alias,1.05,1.05,1.0,0.11,1.0,1.0,True,equal_weight,,baseline,False,True,alias,,,-0.000748691323928,-0.0007861258901244,1.0063311194828393,1.000828022816649
,2025-09-25T04:00:00Z,volatility=low_volatility|trend=uptrend|drawdown_recovery=near_peak|stress=normal_stress,risk_on,risk_on,0.9999999999998914,high,,,policy_source=alias,1.05,1.05,1.0,0.11,1.0,1.0,True,equal_weight,,baseline,False,True,alias,,,0.001004682708154,0.0010549168435617002,1.007342162957261,1.0018838131554269
,2025-09-26T04:00:00Z,volatility=low_volatility|trend=uptrend|drawdown_recovery=near_peak|stress=normal_stress,risk_on,risk_on,0.9999999999992273,high,,,policy_source=alias,1.05,1.05,1.0,0.11,1.0,1.0,True,equal_weight,,baseline,False,True,alias,,,0.0003935971241078,0.00041327698031319,1.0077386499355936,1.0022978686723523
,2025-09-29T04:00:00Z,volatility=low_volatility|trend=uptrend|drawdown_recovery=near_peak|stress=normal_stress,risk_on,risk_on,0.9999999999994142,high,,,policy_source=alias,1.05,1.05,1.0,0.11,1.0,1.0,True,equal_weight,,baseline,False,True,alias,,,-0.0005297636782925,-0.000556251862207125,1.0072047866016463,1.001740338616417
,2025-09-30T04:00:00Z,volatility=low_volatility|trend=uptrend|drawdown_recovery=near_peak|stress=normal_stress,risk_on,risk_on,0.9999999999999982,high,,,policy_source=alias,1.05,1.05,1.0,0.11,1.0,1.0,True,equal_weight,,baseline,False,True,alias,,,-0.0006565484361009,-0.0006893758579059451,1.0065435078741696,1.0010497630110842
,2025-10-01T04:00:00Z,volatility=low_volatility|trend=uptrend|drawdown_recovery=near_peak|stress=normal_stress,risk_on,risk_on,1.0,high,,,policy_source=alias,1.05,1.05,1.0,0.11,1.0,1.0,True,equal_weight,,baseline,False,True,alias,,,0.0017498373856092,0.00183732925488966,1.0083047953344901,1.0028890210262649
,2025-10-02T04:00:00Z,volatility=low_volatility|trend=uptrend|drawdown_recovery=near_peak|stress=normal_stress,risk_on,risk_on,1.0,high,,,policy_source=alias,1.05,1.05,1.0,0.11,1.0,1.0,True,equal_weight,,baseline,False,True,alias,,,0.0010905156848363,0.0011450414690781152,1.009404367528898,1.0040373705442232
,2025-10-03T04:00:00Z,volatility=low_volatility|trend=uptrend|drawdown_recovery=near_peak|stress=normal_stress,risk_on,risk_on,0.9999999999999929,high,,,policy_source=alias,1.05,1.05,1.0,0.11,1.0,1.0,True,equal_weight,,baseline,False,True,alias,,,-0.0005035351520429,-0.000528711909645045,1.0088960969472214,1.0035065240286876
,2025-10-06T04:00:00Z,volatility=low_volatility|trend=uptrend|drawdown_recovery=near_peak|stress=normal_stress,risk_on,risk_on,1.0,high,,,policy_source=alias,1.05,1.05,1.0,0.11,1.0,1.0,True,equal_weight,,baseline,False,True,alias,,,-0.0015881175869301,-0.0016675234662766052,1.0072938513122744,1.001833153351308
,2025-10-07T04:00:00Z,volatility=low_volatility|trend=uptrend|drawdown_recovery=near_peak|stress=normal_stress,risk_on,risk_on,1.0,high,,,policy_source=alias,1.05,1.05,1.0,0.11,1.0,1.0,True,equal_weight,,baseline,False,True,alias,,,0.0012231801321106,0.00128433913871613,1.0085259531383968,1.0031198468806204
,2025-10-08T04:00:00Z,volatility=low_volatility|trend=uptrend|drawdown_recovery=near_peak|stress=normal_stress,risk_on,risk_on,1.0,high,,,policy_source=alias,1.05,1.05,1.0,0.11,1.0,1.0,True,equal_weight,,baseline,False,True,alias,,,-0.0003984104912622,-0.00041833101582531,1.0081241458179562,1.0027002107360803
,2025-10-09T04:00:00Z,volatility=low_volatility|trend=uptrend|drawdown_recovery=near_peak|stress=normal_stress,risk_on,risk_on,1.0,high,,,policy_source=alias,1.05,1.05,1.0,0.11,1.0,1.0,True,equal_weight,,baseline,False,True,alias,,,0.0012703972247267,0.001333917085963035,1.0094048639349833,1.0040377296792797
,2025-10-10T04:00:00Z,volatility=low_volatility|trend=uptrend|drawdown_recovery=near_peak|stress=normal_stress,risk_on,risk_on,0.9999998514898035,high,,,policy_source=alias,1.05,1.05,1.0,0.11,1.0,1.0,True,equal_weight,,baseline,False,True,alias,,,0.0014512120525824,0.00152377265521152,1.010869724439461,1.0055676549165657
,2025-10-13T04:00:00Z,volatility=low_volatility|trend=uptrend|drawdown_recovery=near_peak|stress=normal_stress,risk_on,risk_on,0.9999858814180943,high,,,policy_source=alias,1.05,1.05,1.0,0.11,1.0,1.0,True,equal_weight,,baseline,False,True,alias,,,0.0001450379313671,0.000152289827935455,1.0110163388931754,1.0057207926417104
,2025-10-14T04:00:00Z,volatility=low_volatility|trend=uptrend|drawdown_recovery=near_peak|stress=normal_stress,risk_on,risk_on,0.9999994368527246,high,,,policy_source=alias,1.05,1.05,1.0,0.11,1.0,1.0,True,equal_weight,,baseline,False,True,alias,,,-0.0005651324504443,-0.000593389072966515,1.0104449807521374,1.0051240089129017
,2025-10-15T04:00:00Z,volatility=low_volatility|trend=uptrend|drawdown_recovery=near_peak|stress=normal_stress,risk_on,risk_on,0.9999997545018602,high,,,policy_source=alias,1.05,1.05,1.0,0.11,1.0,1.0,True,equal_weight,,baseline,False,True,alias,,,-0.0022931284518397,-0.002407784874431685,1.0081279006177561,1.002703886527313
,2025-10-16T04:00:00Z,volatility=low_volatility|trend=uptrend|drawdown_recovery=near_peak|stress=normal_stress,risk_on,risk_on,0.9999978791018228,high,,,policy_source=alias,1.05,1.05,1.0,0.11,1.0,1.0,True,equal_weight,,baseline,False,True,alias,,,0.0012671889791369,0.001330548428093745,1.0094053891829795,1.0040380326073752
,2025-10-17T04:00:00Z,volatility=low_volatility|trend=uptrend|drawdown_recovery=near_peak|stress=normal_stress,risk_on,risk_on,0.9999985241847199,high,,,policy_source=alias,1.05,1.05,1.0,0.11,1.0,1.0,True,equal_weight,,baseline,False,True,alias,,,-0.0003050478105131,-0.000320300201038755,1.009097472279089,1.0037164390236806
,2025-10-20T04:00:00Z,volatility=low_volatility|trend=uptrend|drawdown_recovery=near_peak|stress=normal_stress,risk_on,risk_on,0.9999302388742575,high,,,policy_source=alias,1.05,1.05,1.0,0.11,1.0,1.0,True,equal_weight,,baseline,False,True,alias,,,0.0020731944997553,0.002176854224743065,1.0111895276083351,1.0059013833944135
,2025-10-21T04:00:00Z,volatility=normal_volatility|trend=uptrend|drawdown_recovery=near_peak|stress=dispersion_stress,default,,0.9999782366089037,high,,,policy_source=default,1.0,1.0,1.0,0.1,1.0,1.0,True,,,baseline,False,True,default,,,0.002257384660092,0.002257384660092,1.0134721713364039,1.0081720897468534
,2025-10-22T04:00:00Z,volatility=normal_volatility|trend=uptrend|drawdown_recovery=near_peak|stress=dispersion_stress,default,,0.9999865450795261,high,,,policy_source=default,1.0,1.0,1.0,0.1,1.0,1.0,True,,,baseline,False,True,default,,,0.001778846489486,0.001778846489486,1.0152749827505774,1.0099654731294971
,2025-10-23T04:00:00Z,volatility=normal_volatility|trend=uptrend|drawdown_recovery=near_peak|stress=dispersion_stress,default,,0.999982439793067,high,,,policy_source=default,1.0,1.0,1.0,0.1,1.0,1.0,True,,,baseline,False,True,default,,,0.0004704685378858,0.0004704685378858,1.015752637687264,1.0104406301089555
,2025-10-24T04:00:00Z,volatility=high_volatility|trend=uptrend|drawdown_recovery=near_peak|stress=dispersion_stress,default,,0.9999980678871538,high,,,policy_source=default,1.0,1.0,1.0,0.1,1.0,1.0,True,,,baseline,False,True,default,,,0.0007039455115655,0.0007039455115655,1.016467672197425,1.0111519252552241
,2025-10-27T04:00:00Z,volatility=high_volatility|trend=uptrend|drawdown_recovery=near_peak|stress=dispersion_stress,default,,0.9999996442999708,high,,,policy_source=default,1.0,1.0,1.0,0.1,1.0,1.0,True,,,baseline,False,True,default,,,-0.0005116104936001,-0.0005116104936001,1.0159476366699236,1.0106346093196397
,2025-10-28T04:00:00Z,volatility=high_volatility|trend=uptrend|drawdown_recovery=near_peak|stress=dispersion_stress,default,,0.9999994273950793,high,,,policy_source=default,1.0,1.0,1.0,0.1,1.0,1.0,True,,,baseline,False,True,default,,,0.0007095610545181,0.0007095610545181,1.0166685135463343,1.0113517162787609
,2025-10-29T04:00:00Z,volatility=high_volatility|trend=uptrend|drawdown_recovery=near_peak|stress=dispersion_stress,default,,0.9999999993020157,high,,,policy_source=default,1.0,1.0,1.0,0.1,1.0,1.0,True,,,baseline,False,True,default,,,0.0013150816896104,0.0013150816896104,1.0180055156929024,1.0126817264025951
,2025-10-30T04:00:00Z,volatility=high_volatility|trend=uptrend|drawdown_recovery=near_peak|stress=dispersion_stress,default,,0.9999999999446523,high,,,policy_source=default,1.0,1.0,1.0,0.1,1.0,1.0,True,,,baseline,False,True,default,,,-0.0005701781149306,-0.0005701781149306,1.0174250712269757,1.01210431744481
,2025-10-31T04:00:00Z,volatility=high_volatility|trend=uptrend|drawdown_recovery=near_peak|stress=dispersion_stress,default,,0.9999999999999991,high,,,policy_source=default,1.0,1.0,1.0,0.1,1.0,1.0,True,,,baseline,False,True,default,,,0.0006478353929428,0.0006478353929428,1.018084195197784,1.0127599944430012
,2025-11-03T05:00:00Z,volatility=high_volatility|trend=uptrend|drawdown_recovery=near_peak|stress=dispersion_stress,default,,0.9999997874884258,high,,,policy_source=default,1.0,1.0,1.0,0.1,1.0,1.0,True,,,baseline,False,True,default,,,0.0007049384950265,0.0007049384950265,1.0188018819381568,1.0134739279493068
,2025-11-04T05:00:00Z,volatility=high_volatility|trend=uptrend|drawdown_recovery=near_peak|stress=dispersion_stress,default,,0.9999999572321245,high,,,policy_source=default,1.0,1.0,1.0,0.1,1.0,1.0,True,,,baseline,False,True,default,,,0.0020703650837951,0.0020703650837951,1.0209111737818262,1.0155721889830696
,2025-11-05T05:00:00Z,volatility=high_volatility|trend=uptrend|drawdown_recovery=near_peak|stress=dispersion_stress,default,,0.9999412512203908,high,,,policy_source=default,1.0,1.0,1.0,0.1,1.0,1.0,True,,,baseline,False,True,default,,,-0.000314682865366,-0.000314682865366,1.0205899105283764,1.0152526058166544
,2025-11-06T05:00:00Z,volatility=high_volatility|trend=uptrend|drawdown_recovery=near_peak|stress=dispersion_stress,default,,0.9999787244049922,high,,,policy_source=default,1.0,1.0,1.0,0.1,1.0,1.0,True,,,baseline,False,True,default,,,0.0010104695432964,0.0010104695432964,1.021621185549161,1.0162784876535844
,2025-11-07T05:00:00Z,volatility=high_volatility|trend=uptrend|drawdown_recovery=near_peak|stress=dispersion_stress,default,,1.0,high,,,policy_source=default,1.0,1.0,1.0,0.1,1.0,1.0,True,,,baseline,False,True,default,,,-0.0008400187350792,-0.0008400187350792,1.020763004613146,1.0154247946838975
,2025-11-10T05:00:00Z,volatility=high_volatility|trend=uptrend|drawdown_recovery=near_peak|stress=dispersion_stress,default,,0.999999999999999,high,,,policy_source=default,1.0,1.0,1.0,0.1,1.0,1.0,True,,,baseline,False,True,default,,,-0.0034253772790232,-0.0034253772790232,1.0172665062098767,1.0119465816636304
,2025-11-11T05:00:00Z,volatility=normal_volatility|trend=uptrend|drawdown_recovery=recovery|stress=normal_stress,risk_on,risk_on,0.999999999999751,high,,,policy_source=alias,1.05,1.05,1.0,0.11,1.0,1.0,True,equal_weight,,baseline,False,True,alias,,,0.0014599429330386,0.00153294007969053,1.0187516572566346,1.0134978351371684
,2025-11-12T05:00:00Z,volatility=normal_volatility|trend=uptrend|drawdown_recovery=recovery|stress=normal_stress,risk_on,risk_on,0.9999999997545245,high,,,policy_source=alias,1.05,1.05,1.0,0.11,1.0,1.0,True,equal_weight,,baseline,False,True,alias,,,-0.0009385503475888,-0.00098547786496824,1.0177955075346097,1.0124990554544475
,2025-11-13T05:00:00Z,volatility=normal_volatility|trend=uptrend|drawdown_recovery=recovery|stress=normal_stress,risk_on,risk_on,0.9999999999999993,high,,,policy_source=alias,1.05,1.05,1.0,0.11,1.0,1.0,True,equal_weight,,baseline,False,True,alias,,,0.0044111772887011,0.004631736153136155,1.0222851839619882,1.017188683934612
,2025-11-14T05:00:00Z,volatility=normal_volatility|trend=uptrend|drawdown_recovery=underwater|stress=normal_stress,risk_on,risk_on,0.9999999999999997,high,,,policy_source=alias,1.05,1.05,1.0,0.11,1.0,1.0,True,equal_weight,,baseline,False,True,alias,,,-0.0021371957647689,-0.002244055553007345,1.0201003603964387,1.0149060560199723
,2025-11-17T05:00:00Z,volatility=normal_volatility|trend=uptrend|drawdown_recovery=underwater|stress=normal_stress,risk_on,risk_on,0.9999999999999257,high,,,policy_source=alias,1.05,1.05,1.0,0.11,1.0,1.0,True,equal_weight,,baseline,False,True,alias,,,-0.0092434233356495,-0.009705594502431976,1.0106711409204459,1.0050557893821799
,2025-11-18T05:00:00Z,volatility=normal_volatility|trend=sideways|drawdown_recovery=underwater|stress=normal_stress,default,,0.9999999999958444,high,,,policy_source=default,1.0,1.0,1.0,0.1,1.0,1.0,True,,,baseline,False,True,default,,,-0.0001975496425471,-0.0001975496425471,1.0104714831978243,1.0048572409702474
,2025-11-19T05:00:00Z,volatility=normal_volatility|trend=sideways|drawdown_recovery=underwater|stress=normal_stress,default,,0.9999999999999685,high,,,policy_source=default,1.0,1.0,1.0,0.1,1.0,1.0,True,,,baseline,False,True,default,,,-0.0004780496028192,-0.0004780496028192,1.0099884277066216,1.0043768693653117
,2025-11-20T05:00:00Z,volatility=normal_volatility|trend=sideways|drawdown_recovery=underwater|stress=normal_stress,default,,0.9999999999580567,high,,,policy_source=default,1.0,1.0,1.0,0.1,1.0,1.0,True,,,baseline,False,True,default,,,0.0007619292280563,0.0007619292280563,1.0107579674096898,1.0051421334580648
,2025-11-21T05:00:00Z,volatility=normal_volatility|trend=sideways|drawdown_recovery=underwater|stress=normal_stress,default,,0.9999992564995674,high,,,policy_source=default,1.0,1.0,1.0,0.1,1.0,1.0,True,,,baseline,False,True,default,,,-0.0031194777410505,-0.0031194777410505,1.0076049304287658,1.0020066149461504
,2025-11-24T05:00:00Z,volatility=normal_volatility|trend=sideways|drawdown_recovery=underwater|stress=normal_stress,default,,0.9999999828969656,high,,,policy_source=default,1.0,1.0,1.0,0.1,1.0,1.0,True,,,baseline,False,True,default,,,0.0009979551044181,0.0009979551044181,1.008610474912324,1.0030065725621966
,2025-11-25T05:00:00Z,volatility=normal_volatility|trend=downtrend|drawdown_recovery=recovery|stress=dispersion_stress,default,,0.9999996146509852,high,,,policy_source=default,1.0,1.0,1.0,0.1,1.0,1.0,True,,,baseline,False,True,default,,,0.0021743163614912,0.0021743163614912,1.010803513170297,1.0051874261636018
,2025-11-26T05:00:00Z,volatility=normal_volatility|trend=downtrend|drawdown_recovery=recovery|stress=dispersion_stress,default,,0.9639335659494979,high,,,policy_source=default,1.0,1.0,1.0,0.1,1.0,1.0,True,,,baseline,False,True,default,,,0.0040404863547772,0.0040404863547772,1.0148876509726223,1.0092488722430093
,2025-11-28T05:00:00Z,volatility=normal_volatility|trend=downtrend|drawdown_recovery=recovery|stress=dispersion_stress,default,,0.9652769728430987,high,,,policy_source=default,1.0,1.0,1.0,0.1,1.0,1.0,True,,,baseline,False,True,default,,,0.0048656799127016,0.0048656799127016,1.0198257694296087,1.0141595542075987
,2025-12-01T05:00:00Z,volatility=normal_volatility|trend=downtrend|drawdown_recovery=recovery|stress=dispersion_stress,default,,0.9843312593372935,high,,,policy_source=default,1.0,1.0,1.0,0.1,1.0,1.0,True,,,baseline,False,True,default,,,0.0002320418703897,0.0002320418703897,1.0200624117086186,1.0143948816874306
,2025-12-02T05:00:00Z,volatility=normal_volatility|trend=downtrend|drawdown_recovery=recovery|stress=dispersion_stress,default,,0.9696999819721996,high,,,policy_source=default,1.0,1.0,1.0,0.1,1.0,1.0,True,,,baseline,False,True,default,,,0.0016619809667264,0.0016619809667264,1.0217577360217514,1.01608078667354
,2025-12-03T05:00:00Z,volatility=normal_volatility|trend=sideways|drawdown_recovery=near_peak|stress=normal_stress,default,,0.9923092799661352,high,,,policy_source=default,1.0,1.0,1.0,0.1,1.0,1.0,True,,,baseline,False,True,default,,,0.0016077381039221,0.0016077381039221,1.0234004548669307,1.0177143784709382
,2025-12-04T05:00:00Z,volatility=normal_volatility|trend=sideways|drawdown_recovery=near_peak|stress=normal_stress,default,,0.9952594562757422,high,,,policy_source=default,1.0,1.0,1.0,0.1,1.0,1.0,True,,,baseline,False,True,default,,,0.0010092898350574,0.0010092898350574,1.024433362543221,1.0187415472481205
,2025-12-05T05:00:00Z,volatility=normal_volatility|trend=sideways|drawdown_recovery=near_peak|stress=normal_stress,default,,0.9979394767639774,high,,,policy_source=default,1.0,1.0,1.0,0.1,1.0,1.0,True,,,baseline,False,True,default,,,0.0001866205632342,0.0001866205632342,1.0246245428743346,1.018931665369458
,2025-12-08T05:00:00Z,volatility=normal_volatility|trend=uptrend|drawdown_recovery=near_peak|stress=normal_stress,risk_on,risk_on,0.9976979385286239,high,,,policy_source=alias,1.05,1.05,1.0,0.11,1.0,1.0,True,equal_weight,,baseline,False,True,alias,,,0.0013950924293988,0.00146484705086874,1.0260539888170748,1.020424244414511
,2025-12-09T05:00:00Z,volatility=normal_volatility|trend=uptrend|drawdown_recovery=near_peak|stress=normal_stress,risk_on,risk_on,0.9956789971322032,high,,,policy_source=alias,1.05,1.05,1.0,0.11,1.0,1.0,True,equal_weight,,baseline,False,True,alias,,,-0.000445595589427,-0.00046787536889835005,1.0255967836851438,1.019946813044723
,2025-12-10T05:00:00Z,volatility=normal_volatility|trend=uptrend|drawdown_recovery=near_peak|stress=normal_stress,risk_on,risk_on,0.9977095336756794,high,,,policy_source=alias,1.05,1.05,1.0,0.11,1.0,1.0,True,equal_weight,,baseline,False,True,alias,,,-0.0016933265005609,-0.001777992825588945,1.0238601134724399,1.018133354928647
,2025-12-11T05:00:00Z,volatility=normal_volatility|trend=uptrend|drawdown_recovery=near_peak|stress=normal_stress,risk_on,risk_on,0.9997527483962751,high,,,policy_source=alias,1.05,1.05,1.0,0.11,1.0,1.0,True,equal_weight,,baseline,False,True,alias,,,-0.0021778755988463,-0.002286769378788615,1.0216302735146763,1.015805118749073
,2025-12-12T05:00:00Z,volatility=normal_volatility|trend=uptrend|drawdown_recovery=near_peak|stress=normal_stress,risk_on,risk_on,0.9942526340259438,high,,,policy_source=alias,1.05,1.05,1.0,0.11,1.0,1.0,True,equal_weight,,baseline,False,True,alias,,,-0.0008780467651636,-0.00092194910342178,1.0207332343578235,1.0148685981305912
,2025-12-15T05:00:00Z,volatility=normal_volatility|trend=sideways|drawdown_recovery=underwater|stress=normal_stress,default,,0.9539718796895622,high,,,policy_source=default,1.0,1.0,1.0,0.1,1.0,1.0,True,,,baseline,False,True,default,,,-0.0003077461169624,-0.0003077461169624,1.0204191076684954,1.0145562762602893
,2025-12-16T05:00:00Z,volatility=normal_volatility|trend=sideways|drawdown_recovery=underwater|stress=normal_stress,default,,0.9904978544933868,high,,,policy_source=default,1.0,1.0,1.0,0.1,1.0,1.0,True,,,baseline,False,True,default,,,-9.01588588878002e-05,-9.01588588878002e-05,1.0203271078461609,1.0144648050241443
,2025-12-17T05:00:00Z,volatility=normal_volatility|trend=sideways|drawdown_recovery=underwater|stress=normal_stress,default,,0.999266588686996,high,,,policy_source=default,1.0,1.0,1.0,0.1,1.0,1.0,True,,,baseline,False,True,default,,,0.0007528043982849,0.0007528043982849,1.021095214580637,1.0152284985912718
,2025-12-18T05:00:00Z,volatility=normal_volatility|trend=sideways|drawdown_recovery=underwater|stress=normal_stress,default,,0.9999335440840911,high,,,policy_source=default,1.0,1.0,1.0,0.1,1.0,1.0,True,,,baseline,False,True,default,,,0.0012111593700344,0.0012111593700344,1.0223319236174735,1.0164581021000665
,2025-12-19T05:00:00Z,volatility=normal_volatility|trend=uptrend|drawdown_recovery=recovery|stress=normal_stress,risk_on,risk_on,0.9999999999661249,high,,,policy_source=alias,1.05,1.05,1.0,0.11,1.0,1.0,True,equal_weight,,baseline,False,True,alias,,,0.0005844903456927,0.000613714862977335,1.0229294667569213,1.0170819175449188
,2025-12-22T05:00:00Z,volatility=normal_volatility|trend=uptrend|drawdown_recovery=recovery|stress=normal_stress,risk_on,risk_on,0.9999999999997429,high,,,policy_source=alias,1.05,1.05,1.0,0.11,1.0,1.0,True,equal_weight,,baseline,False,True,alias,,,-0.0019125053991268,-0.0020081306690831404,1.0209731086288227,1.015039484153327
,2025-12-23T05:00:00Z,volatility=normal_volatility|trend=uptrend|drawdown_recovery=recovery|stress=normal_stress,risk_on,risk_on,0.9999999992917147,high,,,policy_source=alias,1.05,1.05,1.0,0.11,1.0,1.0,True,equal_weight,,baseline,False,True,alias,,,0.0015537251373414,0.00163141139420847,1.022559420212249,1.0166954311333463
,2025-12-24T05:00:00Z,volatility=normal_volatility|trend=uptrend|drawdown_recovery=recovery|stress=normal_stress,risk_on,risk_on,0.9999999989506676,high,,,policy_source=alias,1.05,1.05,1.0,0.11,1.0,1.0,True,equal_weight,,baseline,False,True,alias,,,-0.0011087210690348,-0.00116415712248654,1.0214256870387197,1.0155118379057928
,2025-12-26T05:00:00Z,volatility=normal_volatility|trend=uptrend|drawdown_recovery=recovery|stress=normal_stress,risk_on,risk_on,0.9999999956491674,high,,,policy_source=alias,1.05,1.05,1.0,0.11,1.0,1.0,True,equal_weight,,baseline,False,True,alias,,,-0.0003585431764147,-0.00037647033523543507,1.0210594618284172,1.0151295278237409
,2025-12-29T05:00:00Z,volatility=low_volatility|trend=uptrend|drawdown_recovery=near_peak|stress=normal_stress,risk_on,risk_on,0.9999999990795445,high,,,policy_source=alias,1.05,1.05,1.0,0.11,1.0,1.0,True,equal_weight,,baseline,False,True,alias,,,3.365367916785024e-05,3.5336363126242754e-05,1.0210938242359568,1.0151653988093563
,2025-12-30T05:00:00Z,volatility=low_volatility|trend=uptrend|drawdown_recovery=near_peak|stress=normal_stress,risk_on,risk_on,0.9999999863090631,high,,,policy_source=alias,1.05,1.05,1.0,0.11,1.0,1.0,True,equal_weight,,baseline,False,True,alias,,,0.000146721829601,0.00015405792108105,1.021243640990043,1.0153217930802503
,2025-12-31T05:00:00Z,volatility=low_volatility|trend=uptrend|drawdown_recovery=near_peak|stress=normal_stress,risk_on,risk_on,0.999999957109585,high,,,policy_source=alias,1.05,1.05,1.0,0.11,1.0,1.0,True,equal_weight,,baseline,False,True,alias,,,0.0010204920974962,0.0010715167023710099,1.0222858120552913,1.016409727339817
