transition_event_id,transition_event_order,transition_dimension_event_order,transition_ts_utc,transition_dimension,transition_previous_state,transition_current_state,transition_label,transition_category,transition_direction,transition_is_stress_transition,transition_window_role,transition_row_offset,transition_timestamp_offset_seconds,transition_overlap_count,transition_has_window_overlap,transition_is_valid_evidence,ts_utc,strategy_return,timeframe,regime_volatility_state,regime_trend_state,regime_drawdown_recovery_state,regime_stress_state,regime_label,regime_is_defined,regime_has_exact_timestamp_match,regime_alignment_status,regime_surface
trend:0001,1,1,2026-02-03T05:00:00Z,trend,uptrend,sideways,trend:uptrend->sideways,generic_transition,state_change,False,pre_window,-2,-345600.0,1,False,False,2026-01-30T05:00:00Z,0.0,1D,undefined,undefined,near_peak,undefined,volatility=undefined|trend=undefined|drawdown_recovery=near_peak|stress=undefined,False,True,matched_undefined,strategy
trend:0001,1,1,2026-02-03T05:00:00Z,trend,uptrend,sideways,trend:uptrend->sideways,generic_transition,state_change,False,pre_window,-1,-86400.0,2,True,True,2026-02-02T05:00:00Z,0.00014083334491130862,1D,low_volatility,uptrend,near_peak,normal_stress,volatility=low_volatility|trend=uptrend|drawdown_recovery=near_peak|stress=normal_stress,True,True,matched_defined,strategy
trend:0001,1,1,2026-02-03T05:00:00Z,trend,uptrend,sideways,trend:uptrend->sideways,generic_transition,state_change,False,event_timestamp,0,0.0,2,True,True,2026-02-03T05:00:00Z,-0.0023250596975268943,1D,low_volatility,sideways,near_peak,normal_stress,volatility=low_volatility|trend=sideways|drawdown_recovery=near_peak|stress=normal_stress,True,True,matched_defined,strategy
trend:0001,1,1,2026-02-03T05:00:00Z,trend,uptrend,sideways,trend:uptrend->sideways,generic_transition,state_change,False,post_window,1,86400.0,5,True,True,2026-02-04T05:00:00Z,0.0024657310827917956,1D,low_volatility,sideways,underwater,normal_stress,volatility=low_volatility|trend=sideways|drawdown_recovery=underwater|stress=normal_stress,True,True,matched_defined,strategy
trend:0001,1,1,2026-02-03T05:00:00Z,trend,uptrend,sideways,trend:uptrend->sideways,generic_transition,state_change,False,post_window,2,172800.0,6,True,True,2026-02-05T05:00:00Z,-0.0016210218036930035,1D,low_volatility,sideways,underwater,normal_stress,volatility=low_volatility|trend=sideways|drawdown_recovery=underwater|stress=normal_stress,True,True,matched_defined,strategy
drawdown_recovery:0001,2,1,2026-02-04T05:00:00Z,drawdown_recovery,near_peak,underwater,drawdown_recovery:near_peak->underwater,generic_transition,state_change,False,pre_window,-2,-172800.0,2,True,True,2026-02-02T05:00:00Z,0.00014083334491130862,1D,low_volatility,uptrend,near_peak,normal_stress,volatility=low_volatility|trend=uptrend|drawdown_recovery=near_peak|stress=normal_stress,True,True,matched_defined,strategy
drawdown_recovery:0001,2,1,2026-02-04T05:00:00Z,drawdown_recovery,near_peak,underwater,drawdown_recovery:near_peak->underwater,generic_transition,state_change,False,pre_window,-1,-86400.0,2,True,True,2026-02-03T05:00:00Z,-0.0023250596975268943,1D,low_volatility,sideways,near_peak,normal_stress,volatility=low_volatility|trend=sideways|drawdown_recovery=near_peak|stress=normal_stress,True,True,matched_defined,strategy
drawdown_recovery:0001,2,1,2026-02-04T05:00:00Z,drawdown_recovery,near_peak,underwater,drawdown_recovery:near_peak->underwater,generic_transition,state_change,False,event_timestamp,0,0.0,5,True,True,2026-02-04T05:00:00Z,0.0024657310827917956,1D,low_volatility,sideways,underwater,normal_stress,volatility=low_volatility|trend=sideways|drawdown_recovery=underwater|stress=normal_stress,True,True,matched_defined,strategy
drawdown_recovery:0001,2,1,2026-02-04T05:00:00Z,drawdown_recovery,near_peak,underwater,drawdown_recovery:near_peak->underwater,generic_transition,state_change,False,post_window,1,86400.0,6,True,True,2026-02-05T05:00:00Z,-0.0016210218036930035,1D,low_volatility,sideways,underwater,normal_stress,volatility=low_volatility|trend=sideways|drawdown_recovery=underwater|stress=normal_stress,True,True,matched_defined,strategy
drawdown_recovery:0001,2,1,2026-02-04T05:00:00Z,drawdown_recovery,near_peak,underwater,drawdown_recovery:near_peak->underwater,generic_transition,state_change,False,post_window,2,172800.0,8,True,True,2026-02-06T05:00:00Z,0.002603865031260857,1D,high_volatility,sideways,near_peak,dispersion_stress,volatility=high_volatility|trend=sideways|drawdown_recovery=near_peak|stress=dispersion_stress,True,True,matched_defined,strategy
volatility:0001,3,1,2026-02-06T05:00:00Z,volatility,low_volatility,high_volatility,volatility:low_volatility->high_volatility,volatility_upshift,up,False,pre_window,-2,-172800.0,5,True,True,2026-02-04T05:00:00Z,0.0024657310827917956,1D,low_volatility,sideways,underwater,normal_stress,volatility=low_volatility|trend=sideways|drawdown_recovery=underwater|stress=normal_stress,True,True,matched_defined,strategy
volatility:0001,3,1,2026-02-06T05:00:00Z,volatility,low_volatility,high_volatility,volatility:low_volatility->high_volatility,volatility_upshift,up,False,pre_window,-1,-86400.0,6,True,True,2026-02-05T05:00:00Z,-0.0016210218036930035,1D,low_volatility,sideways,underwater,normal_stress,volatility=low_volatility|trend=sideways|drawdown_recovery=underwater|stress=normal_stress,True,True,matched_defined,strategy
volatility:0001,3,1,2026-02-06T05:00:00Z,volatility,low_volatility,high_volatility,volatility:low_volatility->high_volatility,volatility_upshift,up,False,event_timestamp,0,0.0,8,True,True,2026-02-06T05:00:00Z,0.002603865031260857,1D,high_volatility,sideways,near_peak,dispersion_stress,volatility=high_volatility|trend=sideways|drawdown_recovery=near_peak|stress=dispersion_stress,True,True,matched_defined,strategy
volatility:0001,3,1,2026-02-06T05:00:00Z,volatility,low_volatility,high_volatility,volatility:low_volatility->high_volatility,volatility_upshift,up,False,post_window,1,259200.0,7,True,True,2026-02-09T05:00:00Z,0.0012461704741441504,1D,high_volatility,uptrend,near_peak,dispersion_stress,volatility=high_volatility|trend=uptrend|drawdown_recovery=near_peak|stress=dispersion_stress,True,True,matched_defined,strategy
volatility:0001,3,1,2026-02-06T05:00:00Z,volatility,low_volatility,high_volatility,volatility:low_volatility->high_volatility,volatility_upshift,up,False,post_window,2,345600.0,7,True,True,2026-02-10T05:00:00Z,-0.00018085433148171237,1D,high_volatility,sideways,underwater,normal_stress,volatility=high_volatility|trend=sideways|drawdown_recovery=underwater|stress=normal_stress,True,True,matched_defined,strategy
drawdown_recovery:0002,4,2,2026-02-06T05:00:00Z,drawdown_recovery,underwater,near_peak,drawdown_recovery:underwater->near_peak,generic_transition,state_change,False,pre_window,-2,-172800.0,5,True,True,2026-02-04T05:00:00Z,0.0024657310827917956,1D,low_volatility,sideways,underwater,normal_stress,volatility=low_volatility|trend=sideways|drawdown_recovery=underwater|stress=normal_stress,True,True,matched_defined,strategy
drawdown_recovery:0002,4,2,2026-02-06T05:00:00Z,drawdown_recovery,underwater,near_peak,drawdown_recovery:underwater->near_peak,generic_transition,state_change,False,pre_window,-1,-86400.0,6,True,True,2026-02-05T05:00:00Z,-0.0016210218036930035,1D,low_volatility,sideways,underwater,normal_stress,volatility=low_volatility|trend=sideways|drawdown_recovery=underwater|stress=normal_stress,True,True,matched_defined,strategy
drawdown_recovery:0002,4,2,2026-02-06T05:00:00Z,drawdown_recovery,underwater,near_peak,drawdown_recovery:underwater->near_peak,generic_transition,state_change,False,event_timestamp,0,0.0,8,True,True,2026-02-06T05:00:00Z,0.002603865031260857,1D,high_volatility,sideways,near_peak,dispersion_stress,volatility=high_volatility|trend=sideways|drawdown_recovery=near_peak|stress=dispersion_stress,True,True,matched_defined,strategy
drawdown_recovery:0002,4,2,2026-02-06T05:00:00Z,drawdown_recovery,underwater,near_peak,drawdown_recovery:underwater->near_peak,generic_transition,state_change,False,post_window,1,259200.0,7,True,True,2026-02-09T05:00:00Z,0.0012461704741441504,1D,high_volatility,uptrend,near_peak,dispersion_stress,volatility=high_volatility|trend=uptrend|drawdown_recovery=near_peak|stress=dispersion_stress,True,True,matched_defined,strategy
drawdown_recovery:0002,4,2,2026-02-06T05:00:00Z,drawdown_recovery,underwater,near_peak,drawdown_recovery:underwater->near_peak,generic_transition,state_change,False,post_window,2,345600.0,7,True,True,2026-02-10T05:00:00Z,-0.00018085433148171237,1D,high_volatility,sideways,underwater,normal_stress,volatility=high_volatility|trend=sideways|drawdown_recovery=underwater|stress=normal_stress,True,True,matched_defined,strategy
stress:0001,5,1,2026-02-06T05:00:00Z,stress,normal_stress,dispersion_stress,stress:normal_stress->dispersion_stress,stress_onset,enter,True,pre_window,-2,-172800.0,5,True,True,2026-02-04T05:00:00Z,0.0024657310827917956,1D,low_volatility,sideways,underwater,normal_stress,volatility=low_volatility|trend=sideways|drawdown_recovery=underwater|stress=normal_stress,True,True,matched_defined,strategy
stress:0001,5,1,2026-02-06T05:00:00Z,stress,normal_stress,dispersion_stress,stress:normal_stress->dispersion_stress,stress_onset,enter,True,pre_window,-1,-86400.0,6,True,True,2026-02-05T05:00:00Z,-0.0016210218036930035,1D,low_volatility,sideways,underwater,normal_stress,volatility=low_volatility|trend=sideways|drawdown_recovery=underwater|stress=normal_stress,True,True,matched_defined,strategy
stress:0001,5,1,2026-02-06T05:00:00Z,stress,normal_stress,dispersion_stress,stress:normal_stress->dispersion_stress,stress_onset,enter,True,event_timestamp,0,0.0,8,True,True,2026-02-06T05:00:00Z,0.002603865031260857,1D,high_volatility,sideways,near_peak,dispersion_stress,volatility=high_volatility|trend=sideways|drawdown_recovery=near_peak|stress=dispersion_stress,True,True,matched_defined,strategy
stress:0001,5,1,2026-02-06T05:00:00Z,stress,normal_stress,dispersion_stress,stress:normal_stress->dispersion_stress,stress_onset,enter,True,post_window,1,259200.0,7,True,True,2026-02-09T05:00:00Z,0.0012461704741441504,1D,high_volatility,uptrend,near_peak,dispersion_stress,volatility=high_volatility|trend=uptrend|drawdown_recovery=near_peak|stress=dispersion_stress,True,True,matched_defined,strategy
stress:0001,5,1,2026-02-06T05:00:00Z,stress,normal_stress,dispersion_stress,stress:normal_stress->dispersion_stress,stress_onset,enter,True,post_window,2,345600.0,7,True,True,2026-02-10T05:00:00Z,-0.00018085433148171237,1D,high_volatility,sideways,underwater,normal_stress,volatility=high_volatility|trend=sideways|drawdown_recovery=underwater|stress=normal_stress,True,True,matched_defined,strategy
trend:0002,6,2,2026-02-09T05:00:00Z,trend,sideways,uptrend,trend:sideways->uptrend,generic_transition,state_change,False,pre_window,-2,-345600.0,6,True,True,2026-02-05T05:00:00Z,-0.0016210218036930035,1D,low_volatility,sideways,underwater,normal_stress,volatility=low_volatility|trend=sideways|drawdown_recovery=underwater|stress=normal_stress,True,True,matched_defined,strategy
trend:0002,6,2,2026-02-09T05:00:00Z,trend,sideways,uptrend,trend:sideways->uptrend,generic_transition,state_change,False,pre_window,-1,-259200.0,8,True,True,2026-02-06T05:00:00Z,0.002603865031260857,1D,high_volatility,sideways,near_peak,dispersion_stress,volatility=high_volatility|trend=sideways|drawdown_recovery=near_peak|stress=dispersion_stress,True,True,matched_defined,strategy
trend:0002,6,2,2026-02-09T05:00:00Z,trend,sideways,uptrend,trend:sideways->uptrend,generic_transition,state_change,False,event_timestamp,0,0.0,7,True,True,2026-02-09T05:00:00Z,0.0012461704741441504,1D,high_volatility,uptrend,near_peak,dispersion_stress,volatility=high_volatility|trend=uptrend|drawdown_recovery=near_peak|stress=dispersion_stress,True,True,matched_defined,strategy
trend:0002,6,2,2026-02-09T05:00:00Z,trend,sideways,uptrend,trend:sideways->uptrend,generic_transition,state_change,False,post_window,1,86400.0,7,True,True,2026-02-10T05:00:00Z,-0.00018085433148171237,1D,high_volatility,sideways,underwater,normal_stress,volatility=high_volatility|trend=sideways|drawdown_recovery=underwater|stress=normal_stress,True,True,matched_defined,strategy
trend:0002,6,2,2026-02-09T05:00:00Z,trend,sideways,uptrend,trend:sideways->uptrend,generic_transition,state_change,False,post_window,2,172800.0,5,True,True,2026-02-11T05:00:00Z,-0.002552693797292052,1D,high_volatility,sideways,underwater,normal_stress,volatility=high_volatility|trend=sideways|drawdown_recovery=underwater|stress=normal_stress,True,True,matched_defined,strategy
trend:0003,7,3,2026-02-10T05:00:00Z,trend,uptrend,sideways,trend:uptrend->sideways,generic_transition,state_change,False,pre_window,-2,-345600.0,8,True,True,2026-02-06T05:00:00Z,0.002603865031260857,1D,high_volatility,sideways,near_peak,dispersion_stress,volatility=high_volatility|trend=sideways|drawdown_recovery=near_peak|stress=dispersion_stress,True,True,matched_defined,strategy
trend:0003,7,3,2026-02-10T05:00:00Z,trend,uptrend,sideways,trend:uptrend->sideways,generic_transition,state_change,False,pre_window,-1,-86400.0,7,True,True,2026-02-09T05:00:00Z,0.0012461704741441504,1D,high_volatility,uptrend,near_peak,dispersion_stress,volatility=high_volatility|trend=uptrend|drawdown_recovery=near_peak|stress=dispersion_stress,True,True,matched_defined,strategy
trend:0003,7,3,2026-02-10T05:00:00Z,trend,uptrend,sideways,trend:uptrend->sideways,generic_transition,state_change,False,event_timestamp,0,0.0,7,True,True,2026-02-10T05:00:00Z,-0.00018085433148171237,1D,high_volatility,sideways,underwater,normal_stress,volatility=high_volatility|trend=sideways|drawdown_recovery=underwater|stress=normal_stress,True,True,matched_defined,strategy
trend:0003,7,3,2026-02-10T05:00:00Z,trend,uptrend,sideways,trend:uptrend->sideways,generic_transition,state_change,False,post_window,1,86400.0,5,True,True,2026-02-11T05:00:00Z,-0.002552693797292052,1D,high_volatility,sideways,underwater,normal_stress,volatility=high_volatility|trend=sideways|drawdown_recovery=underwater|stress=normal_stress,True,True,matched_defined,strategy
trend:0003,7,3,2026-02-10T05:00:00Z,trend,uptrend,sideways,trend:uptrend->sideways,generic_transition,state_change,False,post_window,2,172800.0,4,True,True,2026-02-12T05:00:00Z,-0.0003546916685959456,1D,high_volatility,sideways,underwater,normal_stress,volatility=high_volatility|trend=sideways|drawdown_recovery=underwater|stress=normal_stress,True,True,matched_defined,strategy
drawdown_recovery:0003,8,3,2026-02-10T05:00:00Z,drawdown_recovery,near_peak,underwater,drawdown_recovery:near_peak->underwater,generic_transition,state_change,False,pre_window,-2,-345600.0,8,True,True,2026-02-06T05:00:00Z,0.002603865031260857,1D,high_volatility,sideways,near_peak,dispersion_stress,volatility=high_volatility|trend=sideways|drawdown_recovery=near_peak|stress=dispersion_stress,True,True,matched_defined,strategy
drawdown_recovery:0003,8,3,2026-02-10T05:00:00Z,drawdown_recovery,near_peak,underwater,drawdown_recovery:near_peak->underwater,generic_transition,state_change,False,pre_window,-1,-86400.0,7,True,True,2026-02-09T05:00:00Z,0.0012461704741441504,1D,high_volatility,uptrend,near_peak,dispersion_stress,volatility=high_volatility|trend=uptrend|drawdown_recovery=near_peak|stress=dispersion_stress,True,True,matched_defined,strategy
drawdown_recovery:0003,8,3,2026-02-10T05:00:00Z,drawdown_recovery,near_peak,underwater,drawdown_recovery:near_peak->underwater,generic_transition,state_change,False,event_timestamp,0,0.0,7,True,True,2026-02-10T05:00:00Z,-0.00018085433148171237,1D,high_volatility,sideways,underwater,normal_stress,volatility=high_volatility|trend=sideways|drawdown_recovery=underwater|stress=normal_stress,True,True,matched_defined,strategy
drawdown_recovery:0003,8,3,2026-02-10T05:00:00Z,drawdown_recovery,near_peak,underwater,drawdown_recovery:near_peak->underwater,generic_transition,state_change,False,post_window,1,86400.0,5,True,True,2026-02-11T05:00:00Z,-0.002552693797292052,1D,high_volatility,sideways,underwater,normal_stress,volatility=high_volatility|trend=sideways|drawdown_recovery=underwater|stress=normal_stress,True,True,matched_defined,strategy
drawdown_recovery:0003,8,3,2026-02-10T05:00:00Z,drawdown_recovery,near_peak,underwater,drawdown_recovery:near_peak->underwater,generic_transition,state_change,False,post_window,2,172800.0,4,True,True,2026-02-12T05:00:00Z,-0.0003546916685959456,1D,high_volatility,sideways,underwater,normal_stress,volatility=high_volatility|trend=sideways|drawdown_recovery=underwater|stress=normal_stress,True,True,matched_defined,strategy
stress:0002,9,2,2026-02-10T05:00:00Z,stress,dispersion_stress,normal_stress,stress:dispersion_stress->normal_stress,stress_relief,exit,True,pre_window,-2,-345600.0,8,True,True,2026-02-06T05:00:00Z,0.002603865031260857,1D,high_volatility,sideways,near_peak,dispersion_stress,volatility=high_volatility|trend=sideways|drawdown_recovery=near_peak|stress=dispersion_stress,True,True,matched_defined,strategy
stress:0002,9,2,2026-02-10T05:00:00Z,stress,dispersion_stress,normal_stress,stress:dispersion_stress->normal_stress,stress_relief,exit,True,pre_window,-1,-86400.0,7,True,True,2026-02-09T05:00:00Z,0.0012461704741441504,1D,high_volatility,uptrend,near_peak,dispersion_stress,volatility=high_volatility|trend=uptrend|drawdown_recovery=near_peak|stress=dispersion_stress,True,True,matched_defined,strategy
stress:0002,9,2,2026-02-10T05:00:00Z,stress,dispersion_stress,normal_stress,stress:dispersion_stress->normal_stress,stress_relief,exit,True,event_timestamp,0,0.0,7,True,True,2026-02-10T05:00:00Z,-0.00018085433148171237,1D,high_volatility,sideways,underwater,normal_stress,volatility=high_volatility|trend=sideways|drawdown_recovery=underwater|stress=normal_stress,True,True,matched_defined,strategy
stress:0002,9,2,2026-02-10T05:00:00Z,stress,dispersion_stress,normal_stress,stress:dispersion_stress->normal_stress,stress_relief,exit,True,post_window,1,86400.0,5,True,True,2026-02-11T05:00:00Z,-0.002552693797292052,1D,high_volatility,sideways,underwater,normal_stress,volatility=high_volatility|trend=sideways|drawdown_recovery=underwater|stress=normal_stress,True,True,matched_defined,strategy
stress:0002,9,2,2026-02-10T05:00:00Z,stress,dispersion_stress,normal_stress,stress:dispersion_stress->normal_stress,stress_relief,exit,True,post_window,2,172800.0,4,True,True,2026-02-12T05:00:00Z,-0.0003546916685959456,1D,high_volatility,sideways,underwater,normal_stress,volatility=high_volatility|trend=sideways|drawdown_recovery=underwater|stress=normal_stress,True,True,matched_defined,strategy
drawdown_recovery:0004,10,4,2026-02-13T05:00:00Z,drawdown_recovery,underwater,recovery,drawdown_recovery:underwater->recovery,recovery_onset,enter,False,pre_window,-2,-172800.0,5,True,True,2026-02-11T05:00:00Z,-0.002552693797292052,1D,high_volatility,sideways,underwater,normal_stress,volatility=high_volatility|trend=sideways|drawdown_recovery=underwater|stress=normal_stress,True,True,matched_defined,strategy
drawdown_recovery:0004,10,4,2026-02-13T05:00:00Z,drawdown_recovery,underwater,recovery,drawdown_recovery:underwater->recovery,recovery_onset,enter,False,pre_window,-1,-86400.0,4,True,True,2026-02-12T05:00:00Z,-0.0003546916685959456,1D,high_volatility,sideways,underwater,normal_stress,volatility=high_volatility|trend=sideways|drawdown_recovery=underwater|stress=normal_stress,True,True,matched_defined,strategy
drawdown_recovery:0004,10,4,2026-02-13T05:00:00Z,drawdown_recovery,underwater,recovery,drawdown_recovery:underwater->recovery,recovery_onset,enter,False,event_timestamp,0,0.0,3,True,True,2026-02-13T05:00:00Z,0.0011706440973113953,1D,high_volatility,sideways,recovery,normal_stress,volatility=high_volatility|trend=sideways|drawdown_recovery=recovery|stress=normal_stress,True,True,matched_defined,strategy
drawdown_recovery:0004,10,4,2026-02-13T05:00:00Z,drawdown_recovery,underwater,recovery,drawdown_recovery:underwater->recovery,recovery_onset,enter,False,post_window,1,345600.0,3,True,True,2026-02-17T05:00:00Z,-0.00016496353609752435,1D,high_volatility,sideways,recovery,normal_stress,volatility=high_volatility|trend=sideways|drawdown_recovery=recovery|stress=normal_stress,True,True,matched_defined,strategy
drawdown_recovery:0004,10,4,2026-02-13T05:00:00Z,drawdown_recovery,underwater,recovery,drawdown_recovery:underwater->recovery,recovery_onset,enter,False,post_window,2,432000.0,4,True,True,2026-02-18T05:00:00Z,0.0006179516668909413,1D,normal_volatility,sideways,underwater,normal_stress,volatility=normal_volatility|trend=sideways|drawdown_recovery=underwater|stress=normal_stress,True,True,matched_defined,strategy
volatility:0002,11,2,2026-02-18T05:00:00Z,volatility,high_volatility,normal_volatility,volatility:high_volatility->normal_volatility,volatility_downshift,down,False,pre_window,-2,-432000.0,3,True,True,2026-02-13T05:00:00Z,0.0011706440973113953,1D,high_volatility,sideways,recovery,normal_stress,volatility=high_volatility|trend=sideways|drawdown_recovery=recovery|stress=normal_stress,True,True,matched_defined,strategy
volatility:0002,11,2,2026-02-18T05:00:00Z,volatility,high_volatility,normal_volatility,volatility:high_volatility->normal_volatility,volatility_downshift,down,False,pre_window,-1,-86400.0,3,True,True,2026-02-17T05:00:00Z,-0.00016496353609752435,1D,high_volatility,sideways,recovery,normal_stress,volatility=high_volatility|trend=sideways|drawdown_recovery=recovery|stress=normal_stress,True,True,matched_defined,strategy
volatility:0002,11,2,2026-02-18T05:00:00Z,volatility,high_volatility,normal_volatility,volatility:high_volatility->normal_volatility,volatility_downshift,down,False,event_timestamp,0,0.0,4,True,True,2026-02-18T05:00:00Z,0.0006179516668909413,1D,normal_volatility,sideways,underwater,normal_stress,volatility=normal_volatility|trend=sideways|drawdown_recovery=underwater|stress=normal_stress,True,True,matched_defined,strategy
volatility:0002,11,2,2026-02-18T05:00:00Z,volatility,high_volatility,normal_volatility,volatility:high_volatility->normal_volatility,volatility_downshift,down,False,post_window,1,86400.0,5,True,True,2026-02-19T05:00:00Z,0.0,1D,normal_volatility,sideways,underwater,normal_stress,volatility=normal_volatility|trend=sideways|drawdown_recovery=underwater|stress=normal_stress,True,True,matched_defined,strategy
volatility:0002,11,2,2026-02-18T05:00:00Z,volatility,high_volatility,normal_volatility,volatility:high_volatility->normal_volatility,volatility_downshift,down,False,post_window,2,172800.0,8,True,True,2026-02-20T05:00:00Z,-0.000525122423476767,1D,normal_volatility,sideways,recovery,normal_stress,volatility=normal_volatility|trend=sideways|drawdown_recovery=recovery|stress=normal_stress,True,True,matched_defined,strategy
drawdown_recovery:0005,12,5,2026-02-18T05:00:00Z,drawdown_recovery,recovery,underwater,drawdown_recovery:recovery->underwater,generic_transition,state_change,False,pre_window,-2,-432000.0,3,True,True,2026-02-13T05:00:00Z,0.0011706440973113953,1D,high_volatility,sideways,recovery,normal_stress,volatility=high_volatility|trend=sideways|drawdown_recovery=recovery|stress=normal_stress,True,True,matched_defined,strategy
drawdown_recovery:0005,12,5,2026-02-18T05:00:00Z,drawdown_recovery,recovery,underwater,drawdown_recovery:recovery->underwater,generic_transition,state_change,False,pre_window,-1,-86400.0,3,True,True,2026-02-17T05:00:00Z,-0.00016496353609752435,1D,high_volatility,sideways,recovery,normal_stress,volatility=high_volatility|trend=sideways|drawdown_recovery=recovery|stress=normal_stress,True,True,matched_defined,strategy
drawdown_recovery:0005,12,5,2026-02-18T05:00:00Z,drawdown_recovery,recovery,underwater,drawdown_recovery:recovery->underwater,generic_transition,state_change,False,event_timestamp,0,0.0,4,True,True,2026-02-18T05:00:00Z,0.0006179516668909413,1D,normal_volatility,sideways,underwater,normal_stress,volatility=normal_volatility|trend=sideways|drawdown_recovery=underwater|stress=normal_stress,True,True,matched_defined,strategy
drawdown_recovery:0005,12,5,2026-02-18T05:00:00Z,drawdown_recovery,recovery,underwater,drawdown_recovery:recovery->underwater,generic_transition,state_change,False,post_window,1,86400.0,5,True,True,2026-02-19T05:00:00Z,0.0,1D,normal_volatility,sideways,underwater,normal_stress,volatility=normal_volatility|trend=sideways|drawdown_recovery=underwater|stress=normal_stress,True,True,matched_defined,strategy
drawdown_recovery:0005,12,5,2026-02-18T05:00:00Z,drawdown_recovery,recovery,underwater,drawdown_recovery:recovery->underwater,generic_transition,state_change,False,post_window,2,172800.0,8,True,True,2026-02-20T05:00:00Z,-0.000525122423476767,1D,normal_volatility,sideways,recovery,normal_stress,volatility=normal_volatility|trend=sideways|drawdown_recovery=recovery|stress=normal_stress,True,True,matched_defined,strategy
drawdown_recovery:0006,13,6,2026-02-20T05:00:00Z,drawdown_recovery,underwater,recovery,drawdown_recovery:underwater->recovery,recovery_onset,enter,False,pre_window,-2,-172800.0,4,True,True,2026-02-18T05:00:00Z,0.0006179516668909413,1D,normal_volatility,sideways,underwater,normal_stress,volatility=normal_volatility|trend=sideways|drawdown_recovery=underwater|stress=normal_stress,True,True,matched_defined,strategy
drawdown_recovery:0006,13,6,2026-02-20T05:00:00Z,drawdown_recovery,underwater,recovery,drawdown_recovery:underwater->recovery,recovery_onset,enter,False,pre_window,-1,-86400.0,5,True,True,2026-02-19T05:00:00Z,0.0,1D,normal_volatility,sideways,underwater,normal_stress,volatility=normal_volatility|trend=sideways|drawdown_recovery=underwater|stress=normal_stress,True,True,matched_defined,strategy
drawdown_recovery:0006,13,6,2026-02-20T05:00:00Z,drawdown_recovery,underwater,recovery,drawdown_recovery:underwater->recovery,recovery_onset,enter,False,event_timestamp,0,0.0,8,True,True,2026-02-20T05:00:00Z,-0.000525122423476767,1D,normal_volatility,sideways,recovery,normal_stress,volatility=normal_volatility|trend=sideways|drawdown_recovery=recovery|stress=normal_stress,True,True,matched_defined,strategy
drawdown_recovery:0006,13,6,2026-02-20T05:00:00Z,drawdown_recovery,underwater,recovery,drawdown_recovery:underwater->recovery,recovery_onset,enter,False,post_window,1,259200.0,7,True,True,2026-02-23T05:00:00Z,0.0007261575744095361,1D,normal_volatility,downtrend,underwater,normal_stress,volatility=normal_volatility|trend=downtrend|drawdown_recovery=underwater|stress=normal_stress,True,True,matched_defined,strategy
drawdown_recovery:0006,13,6,2026-02-20T05:00:00Z,drawdown_recovery,underwater,recovery,drawdown_recovery:underwater->recovery,recovery_onset,enter,False,post_window,2,345600.0,8,True,True,2026-02-24T05:00:00Z,0.0008791287505762657,1D,normal_volatility,sideways,recovery,dispersion_stress,volatility=normal_volatility|trend=sideways|drawdown_recovery=recovery|stress=dispersion_stress,True,True,matched_defined,strategy
trend:0004,14,4,2026-02-23T05:00:00Z,trend,sideways,downtrend,trend:sideways->downtrend,trend_breakdown,state_change,False,pre_window,-2,-345600.0,5,True,True,2026-02-19T05:00:00Z,0.0,1D,normal_volatility,sideways,underwater,normal_stress,volatility=normal_volatility|trend=sideways|drawdown_recovery=underwater|stress=normal_stress,True,True,matched_defined,strategy
trend:0004,14,4,2026-02-23T05:00:00Z,trend,sideways,downtrend,trend:sideways->downtrend,trend_breakdown,state_change,False,pre_window,-1,-259200.0,8,True,True,2026-02-20T05:00:00Z,-0.000525122423476767,1D,normal_volatility,sideways,recovery,normal_stress,volatility=normal_volatility|trend=sideways|drawdown_recovery=recovery|stress=normal_stress,True,True,matched_defined,strategy
trend:0004,14,4,2026-02-23T05:00:00Z,trend,sideways,downtrend,trend:sideways->downtrend,trend_breakdown,state_change,False,event_timestamp,0,0.0,7,True,True,2026-02-23T05:00:00Z,0.0007261575744095361,1D,normal_volatility,downtrend,underwater,normal_stress,volatility=normal_volatility|trend=downtrend|drawdown_recovery=underwater|stress=normal_stress,True,True,matched_defined,strategy
trend:0004,14,4,2026-02-23T05:00:00Z,trend,sideways,downtrend,trend:sideways->downtrend,trend_breakdown,state_change,False,post_window,1,86400.0,8,True,True,2026-02-24T05:00:00Z,0.0008791287505762657,1D,normal_volatility,sideways,recovery,dispersion_stress,volatility=normal_volatility|trend=sideways|drawdown_recovery=recovery|stress=dispersion_stress,True,True,matched_defined,strategy
trend:0004,14,4,2026-02-23T05:00:00Z,trend,sideways,downtrend,trend:sideways->downtrend,trend_breakdown,state_change,False,post_window,2,172800.0,7,True,True,2026-02-25T05:00:00Z,0.0003848032034378335,1D,high_volatility,sideways,recovery,dispersion_stress,volatility=high_volatility|trend=sideways|drawdown_recovery=recovery|stress=dispersion_stress,True,True,matched_defined,strategy
drawdown_recovery:0007,15,7,2026-02-23T05:00:00Z,drawdown_recovery,recovery,underwater,drawdown_recovery:recovery->underwater,generic_transition,state_change,False,pre_window,-2,-345600.0,5,True,True,2026-02-19T05:00:00Z,0.0,1D,normal_volatility,sideways,underwater,normal_stress,volatility=normal_volatility|trend=sideways|drawdown_recovery=underwater|stress=normal_stress,True,True,matched_defined,strategy
drawdown_recovery:0007,15,7,2026-02-23T05:00:00Z,drawdown_recovery,recovery,underwater,drawdown_recovery:recovery->underwater,generic_transition,state_change,False,pre_window,-1,-259200.0,8,True,True,2026-02-20T05:00:00Z,-0.000525122423476767,1D,normal_volatility,sideways,recovery,normal_stress,volatility=normal_volatility|trend=sideways|drawdown_recovery=recovery|stress=normal_stress,True,True,matched_defined,strategy
drawdown_recovery:0007,15,7,2026-02-23T05:00:00Z,drawdown_recovery,recovery,underwater,drawdown_recovery:recovery->underwater,generic_transition,state_change,False,event_timestamp,0,0.0,7,True,True,2026-02-23T05:00:00Z,0.0007261575744095361,1D,normal_volatility,downtrend,underwater,normal_stress,volatility=normal_volatility|trend=downtrend|drawdown_recovery=underwater|stress=normal_stress,True,True,matched_defined,strategy
drawdown_recovery:0007,15,7,2026-02-23T05:00:00Z,drawdown_recovery,recovery,underwater,drawdown_recovery:recovery->underwater,generic_transition,state_change,False,post_window,1,86400.0,8,True,True,2026-02-24T05:00:00Z,0.0008791287505762657,1D,normal_volatility,sideways,recovery,dispersion_stress,volatility=normal_volatility|trend=sideways|drawdown_recovery=recovery|stress=dispersion_stress,True,True,matched_defined,strategy
drawdown_recovery:0007,15,7,2026-02-23T05:00:00Z,drawdown_recovery,recovery,underwater,drawdown_recovery:recovery->underwater,generic_transition,state_change,False,post_window,2,172800.0,7,True,True,2026-02-25T05:00:00Z,0.0003848032034378335,1D,high_volatility,sideways,recovery,dispersion_stress,volatility=high_volatility|trend=sideways|drawdown_recovery=recovery|stress=dispersion_stress,True,True,matched_defined,strategy
trend:0005,16,5,2026-02-24T05:00:00Z,trend,downtrend,sideways,trend:downtrend->sideways,generic_transition,state_change,False,pre_window,-2,-345600.0,8,True,True,2026-02-20T05:00:00Z,-0.000525122423476767,1D,normal_volatility,sideways,recovery,normal_stress,volatility=normal_volatility|trend=sideways|drawdown_recovery=recovery|stress=normal_stress,True,True,matched_defined,strategy
trend:0005,16,5,2026-02-24T05:00:00Z,trend,downtrend,sideways,trend:downtrend->sideways,generic_transition,state_change,False,pre_window,-1,-86400.0,7,True,True,2026-02-23T05:00:00Z,0.0007261575744095361,1D,normal_volatility,downtrend,underwater,normal_stress,volatility=normal_volatility|trend=downtrend|drawdown_recovery=underwater|stress=normal_stress,True,True,matched_defined,strategy
trend:0005,16,5,2026-02-24T05:00:00Z,trend,downtrend,sideways,trend:downtrend->sideways,generic_transition,state_change,False,event_timestamp,0,0.0,8,True,True,2026-02-24T05:00:00Z,0.0008791287505762657,1D,normal_volatility,sideways,recovery,dispersion_stress,volatility=normal_volatility|trend=sideways|drawdown_recovery=recovery|stress=dispersion_stress,True,True,matched_defined,strategy
trend:0005,16,5,2026-02-24T05:00:00Z,trend,downtrend,sideways,trend:downtrend->sideways,generic_transition,state_change,False,post_window,1,86400.0,7,True,True,2026-02-25T05:00:00Z,0.0003848032034378335,1D,high_volatility,sideways,recovery,dispersion_stress,volatility=high_volatility|trend=sideways|drawdown_recovery=recovery|stress=dispersion_stress,True,True,matched_defined,strategy
trend:0005,16,5,2026-02-24T05:00:00Z,trend,downtrend,sideways,trend:downtrend->sideways,generic_transition,state_change,False,post_window,2,172800.0,6,True,True,2026-02-26T05:00:00Z,0.0,1D,high_volatility,sideways,underwater,dispersion_stress,volatility=high_volatility|trend=sideways|drawdown_recovery=underwater|stress=dispersion_stress,True,True,matched_defined,strategy
drawdown_recovery:0008,17,8,2026-02-24T05:00:00Z,drawdown_recovery,underwater,recovery,drawdown_recovery:underwater->recovery,recovery_onset,enter,False,pre_window,-2,-345600.0,8,True,True,2026-02-20T05:00:00Z,-0.000525122423476767,1D,normal_volatility,sideways,recovery,normal_stress,volatility=normal_volatility|trend=sideways|drawdown_recovery=recovery|stress=normal_stress,True,True,matched_defined,strategy
drawdown_recovery:0008,17,8,2026-02-24T05:00:00Z,drawdown_recovery,underwater,recovery,drawdown_recovery:underwater->recovery,recovery_onset,enter,False,pre_window,-1,-86400.0,7,True,True,2026-02-23T05:00:00Z,0.0007261575744095361,1D,normal_volatility,downtrend,underwater,normal_stress,volatility=normal_volatility|trend=downtrend|drawdown_recovery=underwater|stress=normal_stress,True,True,matched_defined,strategy
drawdown_recovery:0008,17,8,2026-02-24T05:00:00Z,drawdown_recovery,underwater,recovery,drawdown_recovery:underwater->recovery,recovery_onset,enter,False,event_timestamp,0,0.0,8,True,True,2026-02-24T05:00:00Z,0.0008791287505762657,1D,normal_volatility,sideways,recovery,dispersion_stress,volatility=normal_volatility|trend=sideways|drawdown_recovery=recovery|stress=dispersion_stress,True,True,matched_defined,strategy
drawdown_recovery:0008,17,8,2026-02-24T05:00:00Z,drawdown_recovery,underwater,recovery,drawdown_recovery:underwater->recovery,recovery_onset,enter,False,post_window,1,86400.0,7,True,True,2026-02-25T05:00:00Z,0.0003848032034378335,1D,high_volatility,sideways,recovery,dispersion_stress,volatility=high_volatility|trend=sideways|drawdown_recovery=recovery|stress=dispersion_stress,True,True,matched_defined,strategy
drawdown_recovery:0008,17,8,2026-02-24T05:00:00Z,drawdown_recovery,underwater,recovery,drawdown_recovery:underwater->recovery,recovery_onset,enter,False,post_window,2,172800.0,6,True,True,2026-02-26T05:00:00Z,0.0,1D,high_volatility,sideways,underwater,dispersion_stress,volatility=high_volatility|trend=sideways|drawdown_recovery=underwater|stress=dispersion_stress,True,True,matched_defined,strategy
stress:0003,18,3,2026-02-24T05:00:00Z,stress,normal_stress,dispersion_stress,stress:normal_stress->dispersion_stress,stress_onset,enter,True,pre_window,-2,-345600.0,8,True,True,2026-02-20T05:00:00Z,-0.000525122423476767,1D,normal_volatility,sideways,recovery,normal_stress,volatility=normal_volatility|trend=sideways|drawdown_recovery=recovery|stress=normal_stress,True,True,matched_defined,strategy
stress:0003,18,3,2026-02-24T05:00:00Z,stress,normal_stress,dispersion_stress,stress:normal_stress->dispersion_stress,stress_onset,enter,True,pre_window,-1,-86400.0,7,True,True,2026-02-23T05:00:00Z,0.0007261575744095361,1D,normal_volatility,downtrend,underwater,normal_stress,volatility=normal_volatility|trend=downtrend|drawdown_recovery=underwater|stress=normal_stress,True,True,matched_defined,strategy
stress:0003,18,3,2026-02-24T05:00:00Z,stress,normal_stress,dispersion_stress,stress:normal_stress->dispersion_stress,stress_onset,enter,True,event_timestamp,0,0.0,8,True,True,2026-02-24T05:00:00Z,0.0008791287505762657,1D,normal_volatility,sideways,recovery,dispersion_stress,volatility=normal_volatility|trend=sideways|drawdown_recovery=recovery|stress=dispersion_stress,True,True,matched_defined,strategy
stress:0003,18,3,2026-02-24T05:00:00Z,stress,normal_stress,dispersion_stress,stress:normal_stress->dispersion_stress,stress_onset,enter,True,post_window,1,86400.0,7,True,True,2026-02-25T05:00:00Z,0.0003848032034378335,1D,high_volatility,sideways,recovery,dispersion_stress,volatility=high_volatility|trend=sideways|drawdown_recovery=recovery|stress=dispersion_stress,True,True,matched_defined,strategy
stress:0003,18,3,2026-02-24T05:00:00Z,stress,normal_stress,dispersion_stress,stress:normal_stress->dispersion_stress,stress_onset,enter,True,post_window,2,172800.0,6,True,True,2026-02-26T05:00:00Z,0.0,1D,high_volatility,sideways,underwater,dispersion_stress,volatility=high_volatility|trend=sideways|drawdown_recovery=underwater|stress=dispersion_stress,True,True,matched_defined,strategy
volatility:0003,19,3,2026-02-25T05:00:00Z,volatility,normal_volatility,high_volatility,volatility:normal_volatility->high_volatility,volatility_upshift,up,False,pre_window,-2,-172800.0,7,True,True,2026-02-23T05:00:00Z,0.0007261575744095361,1D,normal_volatility,downtrend,underwater,normal_stress,volatility=normal_volatility|trend=downtrend|drawdown_recovery=underwater|stress=normal_stress,True,True,matched_defined,strategy
volatility:0003,19,3,2026-02-25T05:00:00Z,volatility,normal_volatility,high_volatility,volatility:normal_volatility->high_volatility,volatility_upshift,up,False,pre_window,-1,-86400.0,8,True,True,2026-02-24T05:00:00Z,0.0008791287505762657,1D,normal_volatility,sideways,recovery,dispersion_stress,volatility=normal_volatility|trend=sideways|drawdown_recovery=recovery|stress=dispersion_stress,True,True,matched_defined,strategy
volatility:0003,19,3,2026-02-25T05:00:00Z,volatility,normal_volatility,high_volatility,volatility:normal_volatility->high_volatility,volatility_upshift,up,False,event_timestamp,0,0.0,7,True,True,2026-02-25T05:00:00Z,0.0003848032034378335,1D,high_volatility,sideways,recovery,dispersion_stress,volatility=high_volatility|trend=sideways|drawdown_recovery=recovery|stress=dispersion_stress,True,True,matched_defined,strategy
volatility:0003,19,3,2026-02-25T05:00:00Z,volatility,normal_volatility,high_volatility,volatility:normal_volatility->high_volatility,volatility_upshift,up,False,post_window,1,86400.0,6,True,True,2026-02-26T05:00:00Z,0.0,1D,high_volatility,sideways,underwater,dispersion_stress,volatility=high_volatility|trend=sideways|drawdown_recovery=underwater|stress=dispersion_stress,True,True,matched_defined,strategy
volatility:0003,19,3,2026-02-25T05:00:00Z,volatility,normal_volatility,high_volatility,volatility:normal_volatility->high_volatility,volatility_upshift,up,False,post_window,2,172800.0,6,True,True,2026-02-27T05:00:00Z,0.0,1D,high_volatility,sideways,underwater,dispersion_stress,volatility=high_volatility|trend=sideways|drawdown_recovery=underwater|stress=dispersion_stress,True,True,matched_defined,strategy
drawdown_recovery:0009,20,9,2026-02-26T05:00:00Z,drawdown_recovery,recovery,underwater,drawdown_recovery:recovery->underwater,generic_transition,state_change,False,pre_window,-2,-172800.0,8,True,True,2026-02-24T05:00:00Z,0.0008791287505762657,1D,normal_volatility,sideways,recovery,dispersion_stress,volatility=normal_volatility|trend=sideways|drawdown_recovery=recovery|stress=dispersion_stress,True,True,matched_defined,strategy
drawdown_recovery:0009,20,9,2026-02-26T05:00:00Z,drawdown_recovery,recovery,underwater,drawdown_recovery:recovery->underwater,generic_transition,state_change,False,pre_window,-1,-86400.0,7,True,True,2026-02-25T05:00:00Z,0.0003848032034378335,1D,high_volatility,sideways,recovery,dispersion_stress,volatility=high_volatility|trend=sideways|drawdown_recovery=recovery|stress=dispersion_stress,True,True,matched_defined,strategy
drawdown_recovery:0009,20,9,2026-02-26T05:00:00Z,drawdown_recovery,recovery,underwater,drawdown_recovery:recovery->underwater,generic_transition,state_change,False,event_timestamp,0,0.0,6,True,True,2026-02-26T05:00:00Z,0.0,1D,high_volatility,sideways,underwater,dispersion_stress,volatility=high_volatility|trend=sideways|drawdown_recovery=underwater|stress=dispersion_stress,True,True,matched_defined,strategy
drawdown_recovery:0009,20,9,2026-02-26T05:00:00Z,drawdown_recovery,recovery,underwater,drawdown_recovery:recovery->underwater,generic_transition,state_change,False,post_window,1,86400.0,6,True,True,2026-02-27T05:00:00Z,0.0,1D,high_volatility,sideways,underwater,dispersion_stress,volatility=high_volatility|trend=sideways|drawdown_recovery=underwater|stress=dispersion_stress,True,True,matched_defined,strategy
drawdown_recovery:0009,20,9,2026-02-26T05:00:00Z,drawdown_recovery,recovery,underwater,drawdown_recovery:recovery->underwater,generic_transition,state_change,False,post_window,2,345600.0,7,True,True,2026-03-02T05:00:00Z,0.0005139856348129301,1D,high_volatility,sideways,recovery,dispersion_stress,volatility=high_volatility|trend=sideways|drawdown_recovery=recovery|stress=dispersion_stress,True,True,matched_defined,strategy
drawdown_recovery:0010,21,10,2026-03-02T05:00:00Z,drawdown_recovery,underwater,recovery,drawdown_recovery:underwater->recovery,recovery_onset,enter,False,pre_window,-2,-345600.0,6,True,True,2026-02-26T05:00:00Z,0.0,1D,high_volatility,sideways,underwater,dispersion_stress,volatility=high_volatility|trend=sideways|drawdown_recovery=underwater|stress=dispersion_stress,True,True,matched_defined,strategy
drawdown_recovery:0010,21,10,2026-03-02T05:00:00Z,drawdown_recovery,underwater,recovery,drawdown_recovery:underwater->recovery,recovery_onset,enter,False,pre_window,-1,-259200.0,6,True,True,2026-02-27T05:00:00Z,0.0,1D,high_volatility,sideways,underwater,dispersion_stress,volatility=high_volatility|trend=sideways|drawdown_recovery=underwater|stress=dispersion_stress,True,True,matched_defined,strategy
drawdown_recovery:0010,21,10,2026-03-02T05:00:00Z,drawdown_recovery,underwater,recovery,drawdown_recovery:underwater->recovery,recovery_onset,enter,False,event_timestamp,0,0.0,7,True,True,2026-03-02T05:00:00Z,0.0005139856348129301,1D,high_volatility,sideways,recovery,dispersion_stress,volatility=high_volatility|trend=sideways|drawdown_recovery=recovery|stress=dispersion_stress,True,True,matched_defined,strategy
drawdown_recovery:0010,21,10,2026-03-02T05:00:00Z,drawdown_recovery,underwater,recovery,drawdown_recovery:underwater->recovery,recovery_onset,enter,False,post_window,1,86400.0,8,True,True,2026-03-03T05:00:00Z,0.00024074477003123375,1D,normal_volatility,downtrend,underwater,dispersion_stress,volatility=normal_volatility|trend=downtrend|drawdown_recovery=underwater|stress=dispersion_stress,True,True,matched_defined,strategy
drawdown_recovery:0010,21,10,2026-03-02T05:00:00Z,drawdown_recovery,underwater,recovery,drawdown_recovery:underwater->recovery,recovery_onset,enter,False,post_window,2,172800.0,8,True,True,2026-03-04T05:00:00Z,0.000676070677848326,1D,normal_volatility,sideways,recovery,dispersion_stress,volatility=normal_volatility|trend=sideways|drawdown_recovery=recovery|stress=dispersion_stress,True,True,matched_defined,strategy
volatility:0004,22,4,2026-03-03T05:00:00Z,volatility,high_volatility,normal_volatility,volatility:high_volatility->normal_volatility,volatility_downshift,down,False,pre_window,-2,-345600.0,6,True,True,2026-02-27T05:00:00Z,0.0,1D,high_volatility,sideways,underwater,dispersion_stress,volatility=high_volatility|trend=sideways|drawdown_recovery=underwater|stress=dispersion_stress,True,True,matched_defined,strategy
volatility:0004,22,4,2026-03-03T05:00:00Z,volatility,high_volatility,normal_volatility,volatility:high_volatility->normal_volatility,volatility_downshift,down,False,pre_window,-1,-86400.0,7,True,True,2026-03-02T05:00:00Z,0.0005139856348129301,1D,high_volatility,sideways,recovery,dispersion_stress,volatility=high_volatility|trend=sideways|drawdown_recovery=recovery|stress=dispersion_stress,True,True,matched_defined,strategy
volatility:0004,22,4,2026-03-03T05:00:00Z,volatility,high_volatility,normal_volatility,volatility:high_volatility->normal_volatility,volatility_downshift,down,False,event_timestamp,0,0.0,8,True,True,2026-03-03T05:00:00Z,0.00024074477003123375,1D,normal_volatility,downtrend,underwater,dispersion_stress,volatility=normal_volatility|trend=downtrend|drawdown_recovery=underwater|stress=dispersion_stress,True,True,matched_defined,strategy
volatility:0004,22,4,2026-03-03T05:00:00Z,volatility,high_volatility,normal_volatility,volatility:high_volatility->normal_volatility,volatility_downshift,down,False,post_window,1,86400.0,8,True,True,2026-03-04T05:00:00Z,0.000676070677848326,1D,normal_volatility,sideways,recovery,dispersion_stress,volatility=normal_volatility|trend=sideways|drawdown_recovery=recovery|stress=dispersion_stress,True,True,matched_defined,strategy
volatility:0004,22,4,2026-03-03T05:00:00Z,volatility,high_volatility,normal_volatility,volatility:high_volatility->normal_volatility,volatility_downshift,down,False,post_window,2,172800.0,10,True,True,2026-03-05T05:00:00Z,-0.0005710378581112585,1D,normal_volatility,sideways,underwater,normal_stress,volatility=normal_volatility|trend=sideways|drawdown_recovery=underwater|stress=normal_stress,True,True,matched_defined,strategy
trend:0006,23,6,2026-03-03T05:00:00Z,trend,sideways,downtrend,trend:sideways->downtrend,trend_breakdown,state_change,False,pre_window,-2,-345600.0,6,True,True,2026-02-27T05:00:00Z,0.0,1D,high_volatility,sideways,underwater,dispersion_stress,volatility=high_volatility|trend=sideways|drawdown_recovery=underwater|stress=dispersion_stress,True,True,matched_defined,strategy
trend:0006,23,6,2026-03-03T05:00:00Z,trend,sideways,downtrend,trend:sideways->downtrend,trend_breakdown,state_change,False,pre_window,-1,-86400.0,7,True,True,2026-03-02T05:00:00Z,0.0005139856348129301,1D,high_volatility,sideways,recovery,dispersion_stress,volatility=high_volatility|trend=sideways|drawdown_recovery=recovery|stress=dispersion_stress,True,True,matched_defined,strategy
trend:0006,23,6,2026-03-03T05:00:00Z,trend,sideways,downtrend,trend:sideways->downtrend,trend_breakdown,state_change,False,event_timestamp,0,0.0,8,True,True,2026-03-03T05:00:00Z,0.00024074477003123375,1D,normal_volatility,downtrend,underwater,dispersion_stress,volatility=normal_volatility|trend=downtrend|drawdown_recovery=underwater|stress=dispersion_stress,True,True,matched_defined,strategy
trend:0006,23,6,2026-03-03T05:00:00Z,trend,sideways,downtrend,trend:sideways->downtrend,trend_breakdown,state_change,False,post_window,1,86400.0,8,True,True,2026-03-04T05:00:00Z,0.000676070677848326,1D,normal_volatility,sideways,recovery,dispersion_stress,volatility=normal_volatility|trend=sideways|drawdown_recovery=recovery|stress=dispersion_stress,True,True,matched_defined,strategy
trend:0006,23,6,2026-03-03T05:00:00Z,trend,sideways,downtrend,trend:sideways->downtrend,trend_breakdown,state_change,False,post_window,2,172800.0,10,True,True,2026-03-05T05:00:00Z,-0.0005710378581112585,1D,normal_volatility,sideways,underwater,normal_stress,volatility=normal_volatility|trend=sideways|drawdown_recovery=underwater|stress=normal_stress,True,True,matched_defined,strategy
drawdown_recovery:0011,24,11,2026-03-03T05:00:00Z,drawdown_recovery,recovery,underwater,drawdown_recovery:recovery->underwater,generic_transition,state_change,False,pre_window,-2,-345600.0,6,True,True,2026-02-27T05:00:00Z,0.0,1D,high_volatility,sideways,underwater,dispersion_stress,volatility=high_volatility|trend=sideways|drawdown_recovery=underwater|stress=dispersion_stress,True,True,matched_defined,strategy
drawdown_recovery:0011,24,11,2026-03-03T05:00:00Z,drawdown_recovery,recovery,underwater,drawdown_recovery:recovery->underwater,generic_transition,state_change,False,pre_window,-1,-86400.0,7,True,True,2026-03-02T05:00:00Z,0.0005139856348129301,1D,high_volatility,sideways,recovery,dispersion_stress,volatility=high_volatility|trend=sideways|drawdown_recovery=recovery|stress=dispersion_stress,True,True,matched_defined,strategy
drawdown_recovery:0011,24,11,2026-03-03T05:00:00Z,drawdown_recovery,recovery,underwater,drawdown_recovery:recovery->underwater,generic_transition,state_change,False,event_timestamp,0,0.0,8,True,True,2026-03-03T05:00:00Z,0.00024074477003123375,1D,normal_volatility,downtrend,underwater,dispersion_stress,volatility=normal_volatility|trend=downtrend|drawdown_recovery=underwater|stress=dispersion_stress,True,True,matched_defined,strategy
drawdown_recovery:0011,24,11,2026-03-03T05:00:00Z,drawdown_recovery,recovery,underwater,drawdown_recovery:recovery->underwater,generic_transition,state_change,False,post_window,1,86400.0,8,True,True,2026-03-04T05:00:00Z,0.000676070677848326,1D,normal_volatility,sideways,recovery,dispersion_stress,volatility=normal_volatility|trend=sideways|drawdown_recovery=recovery|stress=dispersion_stress,True,True,matched_defined,strategy
drawdown_recovery:0011,24,11,2026-03-03T05:00:00Z,drawdown_recovery,recovery,underwater,drawdown_recovery:recovery->underwater,generic_transition,state_change,False,post_window,2,172800.0,10,True,True,2026-03-05T05:00:00Z,-0.0005710378581112585,1D,normal_volatility,sideways,underwater,normal_stress,volatility=normal_volatility|trend=sideways|drawdown_recovery=underwater|stress=normal_stress,True,True,matched_defined,strategy
trend:0007,25,7,2026-03-04T05:00:00Z,trend,downtrend,sideways,trend:downtrend->sideways,generic_transition,state_change,False,pre_window,-2,-172800.0,7,True,True,2026-03-02T05:00:00Z,0.0005139856348129301,1D,high_volatility,sideways,recovery,dispersion_stress,volatility=high_volatility|trend=sideways|drawdown_recovery=recovery|stress=dispersion_stress,True,True,matched_defined,strategy
trend:0007,25,7,2026-03-04T05:00:00Z,trend,downtrend,sideways,trend:downtrend->sideways,generic_transition,state_change,False,pre_window,-1,-86400.0,8,True,True,2026-03-03T05:00:00Z,0.00024074477003123375,1D,normal_volatility,downtrend,underwater,dispersion_stress,volatility=normal_volatility|trend=downtrend|drawdown_recovery=underwater|stress=dispersion_stress,True,True,matched_defined,strategy
trend:0007,25,7,2026-03-04T05:00:00Z,trend,downtrend,sideways,trend:downtrend->sideways,generic_transition,state_change,False,event_timestamp,0,0.0,8,True,True,2026-03-04T05:00:00Z,0.000676070677848326,1D,normal_volatility,sideways,recovery,dispersion_stress,volatility=normal_volatility|trend=sideways|drawdown_recovery=recovery|stress=dispersion_stress,True,True,matched_defined,strategy
trend:0007,25,7,2026-03-04T05:00:00Z,trend,downtrend,sideways,trend:downtrend->sideways,generic_transition,state_change,False,post_window,1,86400.0,10,True,True,2026-03-05T05:00:00Z,-0.0005710378581112585,1D,normal_volatility,sideways,underwater,normal_stress,volatility=normal_volatility|trend=sideways|drawdown_recovery=underwater|stress=normal_stress,True,True,matched_defined,strategy
trend:0007,25,7,2026-03-04T05:00:00Z,trend,downtrend,sideways,trend:downtrend->sideways,generic_transition,state_change,False,post_window,2,172800.0,8,True,True,2026-03-06T05:00:00Z,-0.0012907370046510635,1D,normal_volatility,sideways,underwater,normal_stress,volatility=normal_volatility|trend=sideways|drawdown_recovery=underwater|stress=normal_stress,True,True,matched_defined,strategy
drawdown_recovery:0012,26,12,2026-03-04T05:00:00Z,drawdown_recovery,underwater,recovery,drawdown_recovery:underwater->recovery,recovery_onset,enter,False,pre_window,-2,-172800.0,7,True,True,2026-03-02T05:00:00Z,0.0005139856348129301,1D,high_volatility,sideways,recovery,dispersion_stress,volatility=high_volatility|trend=sideways|drawdown_recovery=recovery|stress=dispersion_stress,True,True,matched_defined,strategy
drawdown_recovery:0012,26,12,2026-03-04T05:00:00Z,drawdown_recovery,underwater,recovery,drawdown_recovery:underwater->recovery,recovery_onset,enter,False,pre_window,-1,-86400.0,8,True,True,2026-03-03T05:00:00Z,0.00024074477003123375,1D,normal_volatility,downtrend,underwater,dispersion_stress,volatility=normal_volatility|trend=downtrend|drawdown_recovery=underwater|stress=dispersion_stress,True,True,matched_defined,strategy
drawdown_recovery:0012,26,12,2026-03-04T05:00:00Z,drawdown_recovery,underwater,recovery,drawdown_recovery:underwater->recovery,recovery_onset,enter,False,event_timestamp,0,0.0,8,True,True,2026-03-04T05:00:00Z,0.000676070677848326,1D,normal_volatility,sideways,recovery,dispersion_stress,volatility=normal_volatility|trend=sideways|drawdown_recovery=recovery|stress=dispersion_stress,True,True,matched_defined,strategy
drawdown_recovery:0012,26,12,2026-03-04T05:00:00Z,drawdown_recovery,underwater,recovery,drawdown_recovery:underwater->recovery,recovery_onset,enter,False,post_window,1,86400.0,10,True,True,2026-03-05T05:00:00Z,-0.0005710378581112585,1D,normal_volatility,sideways,underwater,normal_stress,volatility=normal_volatility|trend=sideways|drawdown_recovery=underwater|stress=normal_stress,True,True,matched_defined,strategy
drawdown_recovery:0012,26,12,2026-03-04T05:00:00Z,drawdown_recovery,underwater,recovery,drawdown_recovery:underwater->recovery,recovery_onset,enter,False,post_window,2,172800.0,8,True,True,2026-03-06T05:00:00Z,-0.0012907370046510635,1D,normal_volatility,sideways,underwater,normal_stress,volatility=normal_volatility|trend=sideways|drawdown_recovery=underwater|stress=normal_stress,True,True,matched_defined,strategy
drawdown_recovery:0013,27,13,2026-03-05T05:00:00Z,drawdown_recovery,recovery,underwater,drawdown_recovery:recovery->underwater,generic_transition,state_change,False,pre_window,-2,-172800.0,8,True,True,2026-03-03T05:00:00Z,0.00024074477003123375,1D,normal_volatility,downtrend,underwater,dispersion_stress,volatility=normal_volatility|trend=downtrend|drawdown_recovery=underwater|stress=dispersion_stress,True,True,matched_defined,strategy
drawdown_recovery:0013,27,13,2026-03-05T05:00:00Z,drawdown_recovery,recovery,underwater,drawdown_recovery:recovery->underwater,generic_transition,state_change,False,pre_window,-1,-86400.0,8,True,True,2026-03-04T05:00:00Z,0.000676070677848326,1D,normal_volatility,sideways,recovery,dispersion_stress,volatility=normal_volatility|trend=sideways|drawdown_recovery=recovery|stress=dispersion_stress,True,True,matched_defined,strategy
drawdown_recovery:0013,27,13,2026-03-05T05:00:00Z,drawdown_recovery,recovery,underwater,drawdown_recovery:recovery->underwater,generic_transition,state_change,False,event_timestamp,0,0.0,10,True,True,2026-03-05T05:00:00Z,-0.0005710378581112585,1D,normal_volatility,sideways,underwater,normal_stress,volatility=normal_volatility|trend=sideways|drawdown_recovery=underwater|stress=normal_stress,True,True,matched_defined,strategy
drawdown_recovery:0013,27,13,2026-03-05T05:00:00Z,drawdown_recovery,recovery,underwater,drawdown_recovery:recovery->underwater,generic_transition,state_change,False,post_window,1,86400.0,8,True,True,2026-03-06T05:00:00Z,-0.0012907370046510635,1D,normal_volatility,sideways,underwater,normal_stress,volatility=normal_volatility|trend=sideways|drawdown_recovery=underwater|stress=normal_stress,True,True,matched_defined,strategy
drawdown_recovery:0013,27,13,2026-03-05T05:00:00Z,drawdown_recovery,recovery,underwater,drawdown_recovery:recovery->underwater,generic_transition,state_change,False,post_window,2,342000.0,6,True,True,2026-03-09T04:00:00Z,0.0012686318919985773,1D,low_volatility,downtrend,recovery,normal_stress,volatility=low_volatility|trend=downtrend|drawdown_recovery=recovery|stress=normal_stress,True,True,matched_defined,strategy
stress:0004,28,4,2026-03-05T05:00:00Z,stress,dispersion_stress,normal_stress,stress:dispersion_stress->normal_stress,stress_relief,exit,True,pre_window,-2,-172800.0,8,True,True,2026-03-03T05:00:00Z,0.00024074477003123375,1D,normal_volatility,downtrend,underwater,dispersion_stress,volatility=normal_volatility|trend=downtrend|drawdown_recovery=underwater|stress=dispersion_stress,True,True,matched_defined,strategy
stress:0004,28,4,2026-03-05T05:00:00Z,stress,dispersion_stress,normal_stress,stress:dispersion_stress->normal_stress,stress_relief,exit,True,pre_window,-1,-86400.0,8,True,True,2026-03-04T05:00:00Z,0.000676070677848326,1D,normal_volatility,sideways,recovery,dispersion_stress,volatility=normal_volatility|trend=sideways|drawdown_recovery=recovery|stress=dispersion_stress,True,True,matched_defined,strategy
stress:0004,28,4,2026-03-05T05:00:00Z,stress,dispersion_stress,normal_stress,stress:dispersion_stress->normal_stress,stress_relief,exit,True,event_timestamp,0,0.0,10,True,True,2026-03-05T05:00:00Z,-0.0005710378581112585,1D,normal_volatility,sideways,underwater,normal_stress,volatility=normal_volatility|trend=sideways|drawdown_recovery=underwater|stress=normal_stress,True,True,matched_defined,strategy
stress:0004,28,4,2026-03-05T05:00:00Z,stress,dispersion_stress,normal_stress,stress:dispersion_stress->normal_stress,stress_relief,exit,True,post_window,1,86400.0,8,True,True,2026-03-06T05:00:00Z,-0.0012907370046510635,1D,normal_volatility,sideways,underwater,normal_stress,volatility=normal_volatility|trend=sideways|drawdown_recovery=underwater|stress=normal_stress,True,True,matched_defined,strategy
stress:0004,28,4,2026-03-05T05:00:00Z,stress,dispersion_stress,normal_stress,stress:dispersion_stress->normal_stress,stress_relief,exit,True,post_window,2,342000.0,6,True,True,2026-03-09T04:00:00Z,0.0012686318919985773,1D,low_volatility,downtrend,recovery,normal_stress,volatility=low_volatility|trend=downtrend|drawdown_recovery=recovery|stress=normal_stress,True,True,matched_defined,strategy
volatility:0005,29,5,2026-03-09T04:00:00Z,volatility,normal_volatility,low_volatility,volatility:normal_volatility->low_volatility,volatility_downshift,down,False,pre_window,-2,-342000.0,10,True,True,2026-03-05T05:00:00Z,-0.0005710378581112585,1D,normal_volatility,sideways,underwater,normal_stress,volatility=normal_volatility|trend=sideways|drawdown_recovery=underwater|stress=normal_stress,True,True,matched_defined,strategy
volatility:0005,29,5,2026-03-09T04:00:00Z,volatility,normal_volatility,low_volatility,volatility:normal_volatility->low_volatility,volatility_downshift,down,False,pre_window,-1,-255600.0,8,True,True,2026-03-06T05:00:00Z,-0.0012907370046510635,1D,normal_volatility,sideways,underwater,normal_stress,volatility=normal_volatility|trend=sideways|drawdown_recovery=underwater|stress=normal_stress,True,True,matched_defined,strategy
volatility:0005,29,5,2026-03-09T04:00:00Z,volatility,normal_volatility,low_volatility,volatility:normal_volatility->low_volatility,volatility_downshift,down,False,event_timestamp,0,0.0,6,True,True,2026-03-09T04:00:00Z,0.0012686318919985773,1D,low_volatility,downtrend,recovery,normal_stress,volatility=low_volatility|trend=downtrend|drawdown_recovery=recovery|stress=normal_stress,True,True,matched_defined,strategy
volatility:0005,29,5,2026-03-09T04:00:00Z,volatility,normal_volatility,low_volatility,volatility:normal_volatility->low_volatility,volatility_downshift,down,False,post_window,1,86400.0,4,True,True,2026-03-10T04:00:00Z,0.0001996662801549842,1D,low_volatility,downtrend,underwater,normal_stress,volatility=low_volatility|trend=downtrend|drawdown_recovery=underwater|stress=normal_stress,True,True,matched_defined,strategy
volatility:0005,29,5,2026-03-09T04:00:00Z,volatility,normal_volatility,low_volatility,volatility:normal_volatility->low_volatility,volatility_downshift,down,False,post_window,2,172800.0,4,True,True,2026-03-11T04:00:00Z,-0.00014097091233991943,1D,low_volatility,downtrend,underwater,normal_stress,volatility=low_volatility|trend=downtrend|drawdown_recovery=underwater|stress=normal_stress,True,True,matched_defined,strategy
trend:0008,30,8,2026-03-09T04:00:00Z,trend,sideways,downtrend,trend:sideways->downtrend,trend_breakdown,state_change,False,pre_window,-2,-342000.0,10,True,True,2026-03-05T05:00:00Z,-0.0005710378581112585,1D,normal_volatility,sideways,underwater,normal_stress,volatility=normal_volatility|trend=sideways|drawdown_recovery=underwater|stress=normal_stress,True,True,matched_defined,strategy
trend:0008,30,8,2026-03-09T04:00:00Z,trend,sideways,downtrend,trend:sideways->downtrend,trend_breakdown,state_change,False,pre_window,-1,-255600.0,8,True,True,2026-03-06T05:00:00Z,-0.0012907370046510635,1D,normal_volatility,sideways,underwater,normal_stress,volatility=normal_volatility|trend=sideways|drawdown_recovery=underwater|stress=normal_stress,True,True,matched_defined,strategy
trend:0008,30,8,2026-03-09T04:00:00Z,trend,sideways,downtrend,trend:sideways->downtrend,trend_breakdown,state_change,False,event_timestamp,0,0.0,6,True,True,2026-03-09T04:00:00Z,0.0012686318919985773,1D,low_volatility,downtrend,recovery,normal_stress,volatility=low_volatility|trend=downtrend|drawdown_recovery=recovery|stress=normal_stress,True,True,matched_defined,strategy
trend:0008,30,8,2026-03-09T04:00:00Z,trend,sideways,downtrend,trend:sideways->downtrend,trend_breakdown,state_change,False,post_window,1,86400.0,4,True,True,2026-03-10T04:00:00Z,0.0001996662801549842,1D,low_volatility,downtrend,underwater,normal_stress,volatility=low_volatility|trend=downtrend|drawdown_recovery=underwater|stress=normal_stress,True,True,matched_defined,strategy
trend:0008,30,8,2026-03-09T04:00:00Z,trend,sideways,downtrend,trend:sideways->downtrend,trend_breakdown,state_change,False,post_window,2,172800.0,4,True,True,2026-03-11T04:00:00Z,-0.00014097091233991943,1D,low_volatility,downtrend,underwater,normal_stress,volatility=low_volatility|trend=downtrend|drawdown_recovery=underwater|stress=normal_stress,True,True,matched_defined,strategy
drawdown_recovery:0014,31,14,2026-03-09T04:00:00Z,drawdown_recovery,underwater,recovery,drawdown_recovery:underwater->recovery,recovery_onset,enter,False,pre_window,-2,-342000.0,10,True,True,2026-03-05T05:00:00Z,-0.0005710378581112585,1D,normal_volatility,sideways,underwater,normal_stress,volatility=normal_volatility|trend=sideways|drawdown_recovery=underwater|stress=normal_stress,True,True,matched_defined,strategy
drawdown_recovery:0014,31,14,2026-03-09T04:00:00Z,drawdown_recovery,underwater,recovery,drawdown_recovery:underwater->recovery,recovery_onset,enter,False,pre_window,-1,-255600.0,8,True,True,2026-03-06T05:00:00Z,-0.0012907370046510635,1D,normal_volatility,sideways,underwater,normal_stress,volatility=normal_volatility|trend=sideways|drawdown_recovery=underwater|stress=normal_stress,True,True,matched_defined,strategy
drawdown_recovery:0014,31,14,2026-03-09T04:00:00Z,drawdown_recovery,underwater,recovery,drawdown_recovery:underwater->recovery,recovery_onset,enter,False,event_timestamp,0,0.0,6,True,True,2026-03-09T04:00:00Z,0.0012686318919985773,1D,low_volatility,downtrend,recovery,normal_stress,volatility=low_volatility|trend=downtrend|drawdown_recovery=recovery|stress=normal_stress,True,True,matched_defined,strategy
drawdown_recovery:0014,31,14,2026-03-09T04:00:00Z,drawdown_recovery,underwater,recovery,drawdown_recovery:underwater->recovery,recovery_onset,enter,False,post_window,1,86400.0,4,True,True,2026-03-10T04:00:00Z,0.0001996662801549842,1D,low_volatility,downtrend,underwater,normal_stress,volatility=low_volatility|trend=downtrend|drawdown_recovery=underwater|stress=normal_stress,True,True,matched_defined,strategy
drawdown_recovery:0014,31,14,2026-03-09T04:00:00Z,drawdown_recovery,underwater,recovery,drawdown_recovery:underwater->recovery,recovery_onset,enter,False,post_window,2,172800.0,4,True,True,2026-03-11T04:00:00Z,-0.00014097091233991943,1D,low_volatility,downtrend,underwater,normal_stress,volatility=low_volatility|trend=downtrend|drawdown_recovery=underwater|stress=normal_stress,True,True,matched_defined,strategy
drawdown_recovery:0015,32,15,2026-03-10T04:00:00Z,drawdown_recovery,recovery,underwater,drawdown_recovery:recovery->underwater,generic_transition,state_change,False,pre_window,-2,-342000.0,8,True,True,2026-03-06T05:00:00Z,-0.0012907370046510635,1D,normal_volatility,sideways,underwater,normal_stress,volatility=normal_volatility|trend=sideways|drawdown_recovery=underwater|stress=normal_stress,True,True,matched_defined,strategy
drawdown_recovery:0015,32,15,2026-03-10T04:00:00Z,drawdown_recovery,recovery,underwater,drawdown_recovery:recovery->underwater,generic_transition,state_change,False,pre_window,-1,-86400.0,6,True,True,2026-03-09T04:00:00Z,0.0012686318919985773,1D,low_volatility,downtrend,recovery,normal_stress,volatility=low_volatility|trend=downtrend|drawdown_recovery=recovery|stress=normal_stress,True,True,matched_defined,strategy
drawdown_recovery:0015,32,15,2026-03-10T04:00:00Z,drawdown_recovery,recovery,underwater,drawdown_recovery:recovery->underwater,generic_transition,state_change,False,event_timestamp,0,0.0,4,True,True,2026-03-10T04:00:00Z,0.0001996662801549842,1D,low_volatility,downtrend,underwater,normal_stress,volatility=low_volatility|trend=downtrend|drawdown_recovery=underwater|stress=normal_stress,True,True,matched_defined,strategy
drawdown_recovery:0015,32,15,2026-03-10T04:00:00Z,drawdown_recovery,recovery,underwater,drawdown_recovery:recovery->underwater,generic_transition,state_change,False,post_window,1,86400.0,4,True,True,2026-03-11T04:00:00Z,-0.00014097091233991943,1D,low_volatility,downtrend,underwater,normal_stress,volatility=low_volatility|trend=downtrend|drawdown_recovery=underwater|stress=normal_stress,True,True,matched_defined,strategy
drawdown_recovery:0015,32,15,2026-03-10T04:00:00Z,drawdown_recovery,recovery,underwater,drawdown_recovery:recovery->underwater,generic_transition,state_change,False,post_window,2,172800.0,2,True,True,2026-03-12T04:00:00Z,-0.00014026938925377542,1D,low_volatility,downtrend,underwater,normal_stress,volatility=low_volatility|trend=downtrend|drawdown_recovery=underwater|stress=normal_stress,True,True,matched_defined,strategy
drawdown_recovery:0016,33,16,2026-03-16T04:00:00Z,drawdown_recovery,underwater,recovery,drawdown_recovery:underwater->recovery,recovery_onset,enter,False,pre_window,-2,-345600.0,2,True,True,2026-03-12T04:00:00Z,-0.00014026938925377542,1D,low_volatility,downtrend,underwater,normal_stress,volatility=low_volatility|trend=downtrend|drawdown_recovery=underwater|stress=normal_stress,True,True,matched_defined,strategy
drawdown_recovery:0016,33,16,2026-03-16T04:00:00Z,drawdown_recovery,underwater,recovery,drawdown_recovery:underwater->recovery,recovery_onset,enter,False,pre_window,-1,-259200.0,1,False,True,2026-03-13T04:00:00Z,-0.0001498137184514703,1D,low_volatility,downtrend,underwater,normal_stress,volatility=low_volatility|trend=downtrend|drawdown_recovery=underwater|stress=normal_stress,True,True,matched_defined,strategy
drawdown_recovery:0016,33,16,2026-03-16T04:00:00Z,drawdown_recovery,underwater,recovery,drawdown_recovery:underwater->recovery,recovery_onset,enter,False,event_timestamp,0,0.0,2,True,True,2026-03-16T04:00:00Z,0.0010040167464769212,1D,low_volatility,downtrend,recovery,normal_stress,volatility=low_volatility|trend=downtrend|drawdown_recovery=recovery|stress=normal_stress,True,True,matched_defined,strategy
drawdown_recovery:0016,33,16,2026-03-16T04:00:00Z,drawdown_recovery,underwater,recovery,drawdown_recovery:underwater->recovery,recovery_onset,enter,False,post_window,1,86400.0,4,True,True,2026-03-17T04:00:00Z,-0.00020669040956499795,1D,low_volatility,downtrend,recovery,normal_stress,volatility=low_volatility|trend=downtrend|drawdown_recovery=recovery|stress=normal_stress,True,True,matched_defined,strategy
drawdown_recovery:0016,33,16,2026-03-16T04:00:00Z,drawdown_recovery,underwater,recovery,drawdown_recovery:underwater->recovery,recovery_onset,enter,False,post_window,2,172800.0,5,True,True,2026-03-18T04:00:00Z,-0.00018551522776328434,1D,low_volatility,downtrend,underwater,normal_stress,volatility=low_volatility|trend=downtrend|drawdown_recovery=underwater|stress=normal_stress,True,True,matched_defined,strategy
drawdown_recovery:0017,34,17,2026-03-18T04:00:00Z,drawdown_recovery,recovery,underwater,drawdown_recovery:recovery->underwater,generic_transition,state_change,False,pre_window,-2,-172800.0,2,True,True,2026-03-16T04:00:00Z,0.0010040167464769212,1D,low_volatility,downtrend,recovery,normal_stress,volatility=low_volatility|trend=downtrend|drawdown_recovery=recovery|stress=normal_stress,True,True,matched_defined,strategy
drawdown_recovery:0017,34,17,2026-03-18T04:00:00Z,drawdown_recovery,recovery,underwater,drawdown_recovery:recovery->underwater,generic_transition,state_change,False,pre_window,-1,-86400.0,4,True,True,2026-03-17T04:00:00Z,-0.00020669040956499795,1D,low_volatility,downtrend,recovery,normal_stress,volatility=low_volatility|trend=downtrend|drawdown_recovery=recovery|stress=normal_stress,True,True,matched_defined,strategy
drawdown_recovery:0017,34,17,2026-03-18T04:00:00Z,drawdown_recovery,recovery,underwater,drawdown_recovery:recovery->underwater,generic_transition,state_change,False,event_timestamp,0,0.0,5,True,True,2026-03-18T04:00:00Z,-0.00018551522776328434,1D,low_volatility,downtrend,underwater,normal_stress,volatility=low_volatility|trend=downtrend|drawdown_recovery=underwater|stress=normal_stress,True,True,matched_defined,strategy
drawdown_recovery:0017,34,17,2026-03-18T04:00:00Z,drawdown_recovery,recovery,underwater,drawdown_recovery:recovery->underwater,generic_transition,state_change,False,post_window,1,86400.0,5,True,True,2026-03-19T04:00:00Z,0.0002562433320512114,1D,normal_volatility,downtrend,recovery,normal_stress,volatility=normal_volatility|trend=downtrend|drawdown_recovery=recovery|stress=normal_stress,True,True,matched_defined,strategy
drawdown_recovery:0017,34,17,2026-03-18T04:00:00Z,drawdown_recovery,recovery,underwater,drawdown_recovery:recovery->underwater,generic_transition,state_change,False,post_window,2,172800.0,6,True,True,2026-03-20T04:00:00Z,-0.0018464896471760573,1D,normal_volatility,downtrend,underwater,normal_stress,volatility=normal_volatility|trend=downtrend|drawdown_recovery=underwater|stress=normal_stress,True,True,matched_defined,strategy
volatility:0006,35,6,2026-03-19T04:00:00Z,volatility,low_volatility,normal_volatility,volatility:low_volatility->normal_volatility,volatility_upshift,up,False,pre_window,-2,-172800.0,4,True,True,2026-03-17T04:00:00Z,-0.00020669040956499795,1D,low_volatility,downtrend,recovery,normal_stress,volatility=low_volatility|trend=downtrend|drawdown_recovery=recovery|stress=normal_stress,True,True,matched_defined,strategy
volatility:0006,35,6,2026-03-19T04:00:00Z,volatility,low_volatility,normal_volatility,volatility:low_volatility->normal_volatility,volatility_upshift,up,False,pre_window,-1,-86400.0,5,True,True,2026-03-18T04:00:00Z,-0.00018551522776328434,1D,low_volatility,downtrend,underwater,normal_stress,volatility=low_volatility|trend=downtrend|drawdown_recovery=underwater|stress=normal_stress,True,True,matched_defined,strategy
volatility:0006,35,6,2026-03-19T04:00:00Z,volatility,low_volatility,normal_volatility,volatility:low_volatility->normal_volatility,volatility_upshift,up,False,event_timestamp,0,0.0,5,True,True,2026-03-19T04:00:00Z,0.0002562433320512114,1D,normal_volatility,downtrend,recovery,normal_stress,volatility=normal_volatility|trend=downtrend|drawdown_recovery=recovery|stress=normal_stress,True,True,matched_defined,strategy
volatility:0006,35,6,2026-03-19T04:00:00Z,volatility,low_volatility,normal_volatility,volatility:low_volatility->normal_volatility,volatility_upshift,up,False,post_window,1,86400.0,6,True,True,2026-03-20T04:00:00Z,-0.0018464896471760573,1D,normal_volatility,downtrend,underwater,normal_stress,volatility=normal_volatility|trend=downtrend|drawdown_recovery=underwater|stress=normal_stress,True,True,matched_defined,strategy
volatility:0006,35,6,2026-03-19T04:00:00Z,volatility,low_volatility,normal_volatility,volatility:low_volatility->normal_volatility,volatility_upshift,up,False,post_window,2,345600.0,5,True,True,2026-03-23T04:00:00Z,0.0020954835610613775,1D,normal_volatility,downtrend,recovery,normal_stress,volatility=normal_volatility|trend=downtrend|drawdown_recovery=recovery|stress=normal_stress,True,True,matched_defined,strategy
drawdown_recovery:0018,36,18,2026-03-19T04:00:00Z,drawdown_recovery,underwater,recovery,drawdown_recovery:underwater->recovery,recovery_onset,enter,False,pre_window,-2,-172800.0,4,True,True,2026-03-17T04:00:00Z,-0.00020669040956499795,1D,low_volatility,downtrend,recovery,normal_stress,volatility=low_volatility|trend=downtrend|drawdown_recovery=recovery|stress=normal_stress,True,True,matched_defined,strategy
drawdown_recovery:0018,36,18,2026-03-19T04:00:00Z,drawdown_recovery,underwater,recovery,drawdown_recovery:underwater->recovery,recovery_onset,enter,False,pre_window,-1,-86400.0,5,True,True,2026-03-18T04:00:00Z,-0.00018551522776328434,1D,low_volatility,downtrend,underwater,normal_stress,volatility=low_volatility|trend=downtrend|drawdown_recovery=underwater|stress=normal_stress,True,True,matched_defined,strategy
drawdown_recovery:0018,36,18,2026-03-19T04:00:00Z,drawdown_recovery,underwater,recovery,drawdown_recovery:underwater->recovery,recovery_onset,enter,False,event_timestamp,0,0.0,5,True,True,2026-03-19T04:00:00Z,0.0002562433320512114,1D,normal_volatility,downtrend,recovery,normal_stress,volatility=normal_volatility|trend=downtrend|drawdown_recovery=recovery|stress=normal_stress,True,True,matched_defined,strategy
drawdown_recovery:0018,36,18,2026-03-19T04:00:00Z,drawdown_recovery,underwater,recovery,drawdown_recovery:underwater->recovery,recovery_onset,enter,False,post_window,1,86400.0,6,True,True,2026-03-20T04:00:00Z,-0.0018464896471760573,1D,normal_volatility,downtrend,underwater,normal_stress,volatility=normal_volatility|trend=downtrend|drawdown_recovery=underwater|stress=normal_stress,True,True,matched_defined,strategy
drawdown_recovery:0018,36,18,2026-03-19T04:00:00Z,drawdown_recovery,underwater,recovery,drawdown_recovery:underwater->recovery,recovery_onset,enter,False,post_window,2,345600.0,5,True,True,2026-03-23T04:00:00Z,0.0020954835610613775,1D,normal_volatility,downtrend,recovery,normal_stress,volatility=normal_volatility|trend=downtrend|drawdown_recovery=recovery|stress=normal_stress,True,True,matched_defined,strategy
drawdown_recovery:0019,37,19,2026-03-20T04:00:00Z,drawdown_recovery,recovery,underwater,drawdown_recovery:recovery->underwater,generic_transition,state_change,False,pre_window,-2,-172800.0,5,True,True,2026-03-18T04:00:00Z,-0.00018551522776328434,1D,low_volatility,downtrend,underwater,normal_stress,volatility=low_volatility|trend=downtrend|drawdown_recovery=underwater|stress=normal_stress,True,True,matched_defined,strategy
drawdown_recovery:0019,37,19,2026-03-20T04:00:00Z,drawdown_recovery,recovery,underwater,drawdown_recovery:recovery->underwater,generic_transition,state_change,False,pre_window,-1,-86400.0,5,True,True,2026-03-19T04:00:00Z,0.0002562433320512114,1D,normal_volatility,downtrend,recovery,normal_stress,volatility=normal_volatility|trend=downtrend|drawdown_recovery=recovery|stress=normal_stress,True,True,matched_defined,strategy
drawdown_recovery:0019,37,19,2026-03-20T04:00:00Z,drawdown_recovery,recovery,underwater,drawdown_recovery:recovery->underwater,generic_transition,state_change,False,event_timestamp,0,0.0,6,True,True,2026-03-20T04:00:00Z,-0.0018464896471760573,1D,normal_volatility,downtrend,underwater,normal_stress,volatility=normal_volatility|trend=downtrend|drawdown_recovery=underwater|stress=normal_stress,True,True,matched_defined,strategy
drawdown_recovery:0019,37,19,2026-03-20T04:00:00Z,drawdown_recovery,recovery,underwater,drawdown_recovery:recovery->underwater,generic_transition,state_change,False,post_window,1,259200.0,5,True,True,2026-03-23T04:00:00Z,0.0020954835610613775,1D,normal_volatility,downtrend,recovery,normal_stress,volatility=normal_volatility|trend=downtrend|drawdown_recovery=recovery|stress=normal_stress,True,True,matched_defined,strategy
drawdown_recovery:0019,37,19,2026-03-20T04:00:00Z,drawdown_recovery,recovery,underwater,drawdown_recovery:recovery->underwater,generic_transition,state_change,False,post_window,2,345600.0,5,True,True,2026-03-24T04:00:00Z,0.0003557648876260622,1D,low_volatility,downtrend,recovery,normal_stress,volatility=low_volatility|trend=downtrend|drawdown_recovery=recovery|stress=normal_stress,True,True,matched_defined,strategy
drawdown_recovery:0020,38,20,2026-03-23T04:00:00Z,drawdown_recovery,underwater,recovery,drawdown_recovery:underwater->recovery,recovery_onset,enter,False,pre_window,-2,-345600.0,5,True,True,2026-03-19T04:00:00Z,0.0002562433320512114,1D,normal_volatility,downtrend,recovery,normal_stress,volatility=normal_volatility|trend=downtrend|drawdown_recovery=recovery|stress=normal_stress,True,True,matched_defined,strategy
drawdown_recovery:0020,38,20,2026-03-23T04:00:00Z,drawdown_recovery,underwater,recovery,drawdown_recovery:underwater->recovery,recovery_onset,enter,False,pre_window,-1,-259200.0,6,True,True,2026-03-20T04:00:00Z,-0.0018464896471760573,1D,normal_volatility,downtrend,underwater,normal_stress,volatility=normal_volatility|trend=downtrend|drawdown_recovery=underwater|stress=normal_stress,True,True,matched_defined,strategy
drawdown_recovery:0020,38,20,2026-03-23T04:00:00Z,drawdown_recovery,underwater,recovery,drawdown_recovery:underwater->recovery,recovery_onset,enter,False,event_timestamp,0,0.0,5,True,True,2026-03-23T04:00:00Z,0.0020954835610613775,1D,normal_volatility,downtrend,recovery,normal_stress,volatility=normal_volatility|trend=downtrend|drawdown_recovery=recovery|stress=normal_stress,True,True,matched_defined,strategy
drawdown_recovery:0020,38,20,2026-03-23T04:00:00Z,drawdown_recovery,underwater,recovery,drawdown_recovery:underwater->recovery,recovery_onset,enter,False,post_window,1,86400.0,5,True,True,2026-03-24T04:00:00Z,0.0003557648876260622,1D,low_volatility,downtrend,recovery,normal_stress,volatility=low_volatility|trend=downtrend|drawdown_recovery=recovery|stress=normal_stress,True,True,matched_defined,strategy
drawdown_recovery:0020,38,20,2026-03-23T04:00:00Z,drawdown_recovery,underwater,recovery,drawdown_recovery:underwater->recovery,recovery_onset,enter,False,post_window,2,172800.0,4,True,True,2026-03-25T04:00:00Z,0.00020744074007388535,1D,low_volatility,downtrend,recovery,normal_stress,volatility=low_volatility|trend=downtrend|drawdown_recovery=recovery|stress=normal_stress,True,True,matched_defined,strategy
volatility:0007,39,7,2026-03-24T04:00:00Z,volatility,normal_volatility,low_volatility,volatility:normal_volatility->low_volatility,volatility_downshift,down,False,pre_window,-2,-345600.0,6,True,True,2026-03-20T04:00:00Z,-0.0018464896471760573,1D,normal_volatility,downtrend,underwater,normal_stress,volatility=normal_volatility|trend=downtrend|drawdown_recovery=underwater|stress=normal_stress,True,True,matched_defined,strategy
volatility:0007,39,7,2026-03-24T04:00:00Z,volatility,normal_volatility,low_volatility,volatility:normal_volatility->low_volatility,volatility_downshift,down,False,pre_window,-1,-86400.0,5,True,True,2026-03-23T04:00:00Z,0.0020954835610613775,1D,normal_volatility,downtrend,recovery,normal_stress,volatility=normal_volatility|trend=downtrend|drawdown_recovery=recovery|stress=normal_stress,True,True,matched_defined,strategy
volatility:0007,39,7,2026-03-24T04:00:00Z,volatility,normal_volatility,low_volatility,volatility:normal_volatility->low_volatility,volatility_downshift,down,False,event_timestamp,0,0.0,5,True,True,2026-03-24T04:00:00Z,0.0003557648876260622,1D,low_volatility,downtrend,recovery,normal_stress,volatility=low_volatility|trend=downtrend|drawdown_recovery=recovery|stress=normal_stress,True,True,matched_defined,strategy
volatility:0007,39,7,2026-03-24T04:00:00Z,volatility,normal_volatility,low_volatility,volatility:normal_volatility->low_volatility,volatility_downshift,down,False,post_window,1,86400.0,4,True,True,2026-03-25T04:00:00Z,0.00020744074007388535,1D,low_volatility,downtrend,recovery,normal_stress,volatility=low_volatility|trend=downtrend|drawdown_recovery=recovery|stress=normal_stress,True,True,matched_defined,strategy
volatility:0007,39,7,2026-03-24T04:00:00Z,volatility,normal_volatility,low_volatility,volatility:normal_volatility->low_volatility,volatility_downshift,down,False,post_window,2,172800.0,3,True,True,2026-03-26T04:00:00Z,0.0005421821749896738,1D,normal_volatility,downtrend,underwater,normal_stress,volatility=normal_volatility|trend=downtrend|drawdown_recovery=underwater|stress=normal_stress,True,True,matched_defined,strategy
volatility:0008,40,8,2026-03-26T04:00:00Z,volatility,low_volatility,normal_volatility,volatility:low_volatility->normal_volatility,volatility_upshift,up,False,pre_window,-2,-172800.0,5,True,True,2026-03-24T04:00:00Z,0.0003557648876260622,1D,low_volatility,downtrend,recovery,normal_stress,volatility=low_volatility|trend=downtrend|drawdown_recovery=recovery|stress=normal_stress,True,True,matched_defined,strategy
volatility:0008,40,8,2026-03-26T04:00:00Z,volatility,low_volatility,normal_volatility,volatility:low_volatility->normal_volatility,volatility_upshift,up,False,pre_window,-1,-86400.0,4,True,True,2026-03-25T04:00:00Z,0.00020744074007388535,1D,low_volatility,downtrend,recovery,normal_stress,volatility=low_volatility|trend=downtrend|drawdown_recovery=recovery|stress=normal_stress,True,True,matched_defined,strategy
volatility:0008,40,8,2026-03-26T04:00:00Z,volatility,low_volatility,normal_volatility,volatility:low_volatility->normal_volatility,volatility_upshift,up,False,event_timestamp,0,0.0,3,True,True,2026-03-26T04:00:00Z,0.0005421821749896738,1D,normal_volatility,downtrend,underwater,normal_stress,volatility=normal_volatility|trend=downtrend|drawdown_recovery=underwater|stress=normal_stress,True,True,matched_defined,strategy
volatility:0008,40,8,2026-03-26T04:00:00Z,volatility,low_volatility,normal_volatility,volatility:low_volatility->normal_volatility,volatility_upshift,up,False,post_window,1,86400.0,5,True,True,2026-03-27T04:00:00Z,-0.0023027500380198964,1D,normal_volatility,downtrend,underwater,normal_stress,volatility=normal_volatility|trend=downtrend|drawdown_recovery=underwater|stress=normal_stress,True,True,matched_defined,strategy
volatility:0008,40,8,2026-03-26T04:00:00Z,volatility,low_volatility,normal_volatility,volatility:low_volatility->normal_volatility,volatility_upshift,up,False,post_window,2,345600.0,5,True,True,2026-03-30T04:00:00Z,0.0008862032927093999,1D,normal_volatility,downtrend,underwater,normal_stress,volatility=normal_volatility|trend=downtrend|drawdown_recovery=underwater|stress=normal_stress,True,True,matched_defined,strategy
drawdown_recovery:0021,41,21,2026-03-26T04:00:00Z,drawdown_recovery,recovery,underwater,drawdown_recovery:recovery->underwater,generic_transition,state_change,False,pre_window,-2,-172800.0,5,True,True,2026-03-24T04:00:00Z,0.0003557648876260622,1D,low_volatility,downtrend,recovery,normal_stress,volatility=low_volatility|trend=downtrend|drawdown_recovery=recovery|stress=normal_stress,True,True,matched_defined,strategy
drawdown_recovery:0021,41,21,2026-03-26T04:00:00Z,drawdown_recovery,recovery,underwater,drawdown_recovery:recovery->underwater,generic_transition,state_change,False,pre_window,-1,-86400.0,4,True,True,2026-03-25T04:00:00Z,0.00020744074007388535,1D,low_volatility,downtrend,recovery,normal_stress,volatility=low_volatility|trend=downtrend|drawdown_recovery=recovery|stress=normal_stress,True,True,matched_defined,strategy
drawdown_recovery:0021,41,21,2026-03-26T04:00:00Z,drawdown_recovery,recovery,underwater,drawdown_recovery:recovery->underwater,generic_transition,state_change,False,event_timestamp,0,0.0,3,True,True,2026-03-26T04:00:00Z,0.0005421821749896738,1D,normal_volatility,downtrend,underwater,normal_stress,volatility=normal_volatility|trend=downtrend|drawdown_recovery=underwater|stress=normal_stress,True,True,matched_defined,strategy
drawdown_recovery:0021,41,21,2026-03-26T04:00:00Z,drawdown_recovery,recovery,underwater,drawdown_recovery:recovery->underwater,generic_transition,state_change,False,post_window,1,86400.0,5,True,True,2026-03-27T04:00:00Z,-0.0023027500380198964,1D,normal_volatility,downtrend,underwater,normal_stress,volatility=normal_volatility|trend=downtrend|drawdown_recovery=underwater|stress=normal_stress,True,True,matched_defined,strategy
drawdown_recovery:0021,41,21,2026-03-26T04:00:00Z,drawdown_recovery,recovery,underwater,drawdown_recovery:recovery->underwater,generic_transition,state_change,False,post_window,2,345600.0,5,True,True,2026-03-30T04:00:00Z,0.0008862032927093999,1D,normal_volatility,downtrend,underwater,normal_stress,volatility=normal_volatility|trend=downtrend|drawdown_recovery=underwater|stress=normal_stress,True,True,matched_defined,strategy
volatility:0009,42,9,2026-03-31T04:00:00Z,volatility,normal_volatility,high_volatility,volatility:normal_volatility->high_volatility,volatility_upshift,up,False,pre_window,-2,-345600.0,5,True,True,2026-03-27T04:00:00Z,-0.0023027500380198964,1D,normal_volatility,downtrend,underwater,normal_stress,volatility=normal_volatility|trend=downtrend|drawdown_recovery=underwater|stress=normal_stress,True,True,matched_defined,strategy
volatility:0009,42,9,2026-03-31T04:00:00Z,volatility,normal_volatility,high_volatility,volatility:normal_volatility->high_volatility,volatility_upshift,up,False,pre_window,-1,-86400.0,5,True,True,2026-03-30T04:00:00Z,0.0008862032927093999,1D,normal_volatility,downtrend,underwater,normal_stress,volatility=normal_volatility|trend=downtrend|drawdown_recovery=underwater|stress=normal_stress,True,True,matched_defined,strategy
volatility:0009,42,9,2026-03-31T04:00:00Z,volatility,normal_volatility,high_volatility,volatility:normal_volatility->high_volatility,volatility_upshift,up,False,event_timestamp,0,0.0,4,True,True,2026-03-31T04:00:00Z,0.009278530419457663,1D,high_volatility,sideways,recovery,normal_stress,volatility=high_volatility|trend=sideways|drawdown_recovery=recovery|stress=normal_stress,True,True,matched_defined,strategy
volatility:0009,42,9,2026-03-31T04:00:00Z,volatility,normal_volatility,high_volatility,volatility:normal_volatility->high_volatility,volatility_upshift,up,False,post_window,1,86400.0,4,True,True,2026-04-01T04:00:00Z,-0.0003455031166518241,1D,high_volatility,sideways,recovery,normal_stress,volatility=high_volatility|trend=sideways|drawdown_recovery=recovery|stress=normal_stress,True,True,matched_defined,strategy
volatility:0009,42,9,2026-03-31T04:00:00Z,volatility,normal_volatility,high_volatility,volatility:normal_volatility->high_volatility,volatility_upshift,up,False,post_window,2,172800.0,4,True,True,2026-04-02T04:00:00Z,-0.000246558530968799,1D,high_volatility,sideways,underwater,normal_stress,volatility=high_volatility|trend=sideways|drawdown_recovery=underwater|stress=normal_stress,True,True,matched_defined,strategy
trend:0009,43,9,2026-03-31T04:00:00Z,trend,downtrend,sideways,trend:downtrend->sideways,generic_transition,state_change,False,pre_window,-2,-345600.0,5,True,True,2026-03-27T04:00:00Z,-0.0023027500380198964,1D,normal_volatility,downtrend,underwater,normal_stress,volatility=normal_volatility|trend=downtrend|drawdown_recovery=underwater|stress=normal_stress,True,True,matched_defined,strategy
trend:0009,43,9,2026-03-31T04:00:00Z,trend,downtrend,sideways,trend:downtrend->sideways,generic_transition,state_change,False,pre_window,-1,-86400.0,5,True,True,2026-03-30T04:00:00Z,0.0008862032927093999,1D,normal_volatility,downtrend,underwater,normal_stress,volatility=normal_volatility|trend=downtrend|drawdown_recovery=underwater|stress=normal_stress,True,True,matched_defined,strategy
trend:0009,43,9,2026-03-31T04:00:00Z,trend,downtrend,sideways,trend:downtrend->sideways,generic_transition,state_change,False,event_timestamp,0,0.0,4,True,True,2026-03-31T04:00:00Z,0.009278530419457663,1D,high_volatility,sideways,recovery,normal_stress,volatility=high_volatility|trend=sideways|drawdown_recovery=recovery|stress=normal_stress,True,True,matched_defined,strategy
trend:0009,43,9,2026-03-31T04:00:00Z,trend,downtrend,sideways,trend:downtrend->sideways,generic_transition,state_change,False,post_window,1,86400.0,4,True,True,2026-04-01T04:00:00Z,-0.0003455031166518241,1D,high_volatility,sideways,recovery,normal_stress,volatility=high_volatility|trend=sideways|drawdown_recovery=recovery|stress=normal_stress,True,True,matched_defined,strategy
trend:0009,43,9,2026-03-31T04:00:00Z,trend,downtrend,sideways,trend:downtrend->sideways,generic_transition,state_change,False,post_window,2,172800.0,4,True,True,2026-04-02T04:00:00Z,-0.000246558530968799,1D,high_volatility,sideways,underwater,normal_stress,volatility=high_volatility|trend=sideways|drawdown_recovery=underwater|stress=normal_stress,True,True,matched_defined,strategy
drawdown_recovery:0022,44,22,2026-03-31T04:00:00Z,drawdown_recovery,underwater,recovery,drawdown_recovery:underwater->recovery,recovery_onset,enter,False,pre_window,-2,-345600.0,5,True,True,2026-03-27T04:00:00Z,-0.0023027500380198964,1D,normal_volatility,downtrend,underwater,normal_stress,volatility=normal_volatility|trend=downtrend|drawdown_recovery=underwater|stress=normal_stress,True,True,matched_defined,strategy
drawdown_recovery:0022,44,22,2026-03-31T04:00:00Z,drawdown_recovery,underwater,recovery,drawdown_recovery:underwater->recovery,recovery_onset,enter,False,pre_window,-1,-86400.0,5,True,True,2026-03-30T04:00:00Z,0.0008862032927093999,1D,normal_volatility,downtrend,underwater,normal_stress,volatility=normal_volatility|trend=downtrend|drawdown_recovery=underwater|stress=normal_stress,True,True,matched_defined,strategy
drawdown_recovery:0022,44,22,2026-03-31T04:00:00Z,drawdown_recovery,underwater,recovery,drawdown_recovery:underwater->recovery,recovery_onset,enter,False,event_timestamp,0,0.0,4,True,True,2026-03-31T04:00:00Z,0.009278530419457663,1D,high_volatility,sideways,recovery,normal_stress,volatility=high_volatility|trend=sideways|drawdown_recovery=recovery|stress=normal_stress,True,True,matched_defined,strategy
drawdown_recovery:0022,44,22,2026-03-31T04:00:00Z,drawdown_recovery,underwater,recovery,drawdown_recovery:underwater->recovery,recovery_onset,enter,False,post_window,1,86400.0,4,True,True,2026-04-01T04:00:00Z,-0.0003455031166518241,1D,high_volatility,sideways,recovery,normal_stress,volatility=high_volatility|trend=sideways|drawdown_recovery=recovery|stress=normal_stress,True,True,matched_defined,strategy
drawdown_recovery:0022,44,22,2026-03-31T04:00:00Z,drawdown_recovery,underwater,recovery,drawdown_recovery:underwater->recovery,recovery_onset,enter,False,post_window,2,172800.0,4,True,True,2026-04-02T04:00:00Z,-0.000246558530968799,1D,high_volatility,sideways,underwater,normal_stress,volatility=high_volatility|trend=sideways|drawdown_recovery=underwater|stress=normal_stress,True,True,matched_defined,strategy
drawdown_recovery:0023,45,23,2026-04-02T04:00:00Z,drawdown_recovery,recovery,underwater,drawdown_recovery:recovery->underwater,generic_transition,state_change,False,pre_window,-2,-172800.0,4,True,True,2026-03-31T04:00:00Z,0.009278530419457663,1D,high_volatility,sideways,recovery,normal_stress,volatility=high_volatility|trend=sideways|drawdown_recovery=recovery|stress=normal_stress,True,True,matched_defined,strategy
drawdown_recovery:0023,45,23,2026-04-02T04:00:00Z,drawdown_recovery,recovery,underwater,drawdown_recovery:recovery->underwater,generic_transition,state_change,False,pre_window,-1,-86400.0,4,True,True,2026-04-01T04:00:00Z,-0.0003455031166518241,1D,high_volatility,sideways,recovery,normal_stress,volatility=high_volatility|trend=sideways|drawdown_recovery=recovery|stress=normal_stress,True,True,matched_defined,strategy
drawdown_recovery:0023,45,23,2026-04-02T04:00:00Z,drawdown_recovery,recovery,underwater,drawdown_recovery:recovery->underwater,generic_transition,state_change,False,event_timestamp,0,0.0,4,True,True,2026-04-02T04:00:00Z,-0.000246558530968799,1D,high_volatility,sideways,underwater,normal_stress,volatility=high_volatility|trend=sideways|drawdown_recovery=underwater|stress=normal_stress,True,True,matched_defined,strategy
